[{"model": "admin.logentry", "pk": 1, "fields": {"action_time": "2023-10-19T06:46:13.478Z", "user": "236b591b-c25f-4795-97ee-4ba52c93b870", "content_type": 11, "object_id": "b5d36ea9-a073-42c3-988c-950b54f69b9d", "object_repr": "Backpack", "action_flag": 1, "change_message": "[{\"added\": {}}]"}}, {"model": "admin.logentry", "pk": 2, "fields": {"action_time": "2023-10-19T06:46:29.414Z", "user": "236b591b-c25f-4795-97ee-4ba52c93b870", "content_type": 13, "object_id": "1571f5b2-9fcc-46f4-b983-df72b4c13ce8", "object_repr": "vgvzj", "action_flag": 1, "change_message": "[{\"added\": {}}]"}}, {"model": "admin.logentry", "pk": 3, "fields": {"action_time": "2023-10-19T16:47:08.400Z", "user": "236b591b-c25f-4795-97ee-4ba52c93b870", "content_type": 13, "object_id": "1571f5b2-9fcc-46f4-b983-df72b4c13ce8", "object_repr": "Ziabags Squad 01", "action_flag": 2, "change_message": "[{\"changed\": {\"fields\": [\"Price\", \"In stock\", \"Title\", \"Description\", \"Specifications\"]}}]"}}, {"model": "admin.logentry", "pk": 4, "fields": {"action_time": "2023-10-19T16:54:18.545Z", "user": "236b591b-c25f-4795-97ee-4ba52c93b870", "content_type": 13, "object_id": "1571f5b2-9fcc-46f4-b983-df72b4c13ce8", "object_repr": "Ziabags Squad 01", "action_flag": 2, "change_message": "[]"}}, {"model": "admin.logentry", "pk": 5, "fields": {"action_time": "2023-10-19T16:56:35.314Z", "user": "236b591b-c25f-4795-97ee-4ba52c93b870", "content_type": 13, "object_id": "1571f5b2-9fcc-46f4-b983-df72b4c13ce8", "object_repr": "Ziabags Squad 01", "action_flag": 2, "change_message": "[]"}}, {"model": "admin.logentry", "pk": 6, "fields": {"action_time": "2023-10-20T05:57:00.423Z", "user": "236b591b-c25f-4795-97ee-4ba52c93b870", "content_type": 13, "object_id": "1571f5b2-9fcc-46f4-b983-df72b4c13ce8", "object_repr": "Product object (1571f5b2-9fcc-46f4-b983-df72b4c13ce8)", "action_flag": 2, "change_message": "[]"}}, {"model": "admin.logentry", "pk": 7, "fields": {"action_time": "2023-10-20T10:53:22.144Z", "user": "236b591b-c25f-4795-97ee-4ba52c93b870", "content_type": 13, "object_id": "c89d41d0-9c46-4781-b097-985e7c06e74b", "object_repr": "Product object (c89d41d0-9c46-4781-b097-985e7c06e74b)", "action_flag": 1, "change_message": "[{\"added\": {}}]"}}, {"model": "admin.logentry", "pk": 8, "fields": {"action_time": "2023-10-20T14:40:22.766Z", "user": "236b591b-c25f-4795-97ee-4ba52c93b870", "content_type": 13, "object_id": "1571f5b2-9fcc-46f4-b983-df72b4c13ce8", "object_repr": "Product object (1571f5b2-9fcc-46f4-b983-df72b4c13ce8)", "action_flag": 2, "change_message": "[]"}}, {"model": "admin.logentry", "pk": 9, "fields": {"action_time": "2023-10-20T14:40:31.749Z", "user": "236b591b-c25f-4795-97ee-4ba52c93b870", "content_type": 13, "object_id": "c89d41d0-9c46-4781-b097-985e7c06e74b", "object_repr": "Product object (c89d41d0-9c46-4781-b097-985e7c06e74b)", "action_flag": 2, "change_message": "[]"}}, {"model": "admin.logentry", "pk": 10, "fields": {"action_time": "2023-10-21T04:35:16.050Z", "user": "236b591b-c25f-4795-97ee-4ba52c93b870", "content_type": 13, "object_id": "1571f5b2-9fcc-46f4-b983-df72b4c13ce8", "object_repr": "Product object (1571f5b2-9fcc-46f4-b983-df72b4c13ce8)", "action_flag": 2, "change_message": "[]"}}, {"model": "admin.logentry", "pk": 11, "fields": {"action_time": "2023-10-21T05:09:15.366Z", "user": "236b591b-c25f-4795-97ee-4ba52c93b870", "content_type": 13, "object_id": "c89d41d0-9c46-4781-b097-985e7c06e74b", "object_repr": "Product object (c89d41d0-9c46-4781-b097-985e7c06e74b)", "action_flag": 2, "change_message": "[]"}}, {"model": "admin.logentry", "pk": 12, "fields": {"action_time": "2023-10-21T06:08:53.001Z", "user": "236b591b-c25f-4795-97ee-4ba52c93b870", "content_type": 13, "object_id": "1571f5b2-9fcc-46f4-b983-df72b4c13ce8", "object_repr": "Product object (1571f5b2-9fcc-46f4-b983-df72b4c13ce8)", "action_flag": 2, "change_message": "[{\"changed\": {\"fields\": [\"Imagesone\", \"Imagestwo\", \"Imagesthree\", \"Imagesfour\"]}}]"}}, {"model": "admin.logentry", "pk": 13, "fields": {"action_time": "2023-10-21T07:09:16.741Z", "user": "236b591b-c25f-4795-97ee-4ba52c93b870", "content_type": 13, "object_id": "1571f5b2-9fcc-46f4-b983-df72b4c13ce8", "object_repr": "Product object (1571f5b2-9fcc-46f4-b983-df72b4c13ce8)", "action_flag": 2, "change_message": "[{\"changed\": {\"fields\": [\"Imagesone\", \"Imagestwo\", \"Imagesthree\", \"Imagesfour\"]}}]"}}, {"model": "admin.logentry", "pk": 14, "fields": {"action_time": "2023-10-21T07:09:56.383Z", "user": "236b591b-c25f-4795-97ee-4ba52c93b870", "content_type": 13, "object_id": "1571f5b2-9fcc-46f4-b983-df72b4c13ce8", "object_repr": "Product object (1571f5b2-9fcc-46f4-b983-df72b4c13ce8)", "action_flag": 2, "change_message": "[]"}}, {"model": "admin.logentry", "pk": 15, "fields": {"action_time": "2023-10-21T09:09:36.611Z", "user": "236b591b-c25f-4795-97ee-4ba52c93b870", "content_type": 13, "object_id": "c89d41d0-9c46-4781-b097-985e7c06e74b", "object_repr": "Product object (c89d41d0-9c46-4781-b097-985e7c06e74b)", "action_flag": 2, "change_message": "[{\"changed\": {\"fields\": [\"Imagesone\", \"Imagestwo\", \"Imagesthree\", \"Imagesfour\"]}}]"}}, {"model": "admin.logentry", "pk": 16, "fields": {"action_time": "2023-10-21T13:46:21.711Z", "user": "236b591b-c25f-4795-97ee-4ba52c93b870", "content_type": 13, "object_id": "c89d41d0-9c46-4781-b097-985e7c06e74b", "object_repr": "Product object (c89d41d0-9c46-4781-b097-985e7c06e74b)", "action_flag": 2, "change_message": "[{\"changed\": {\"fields\": [\"Cover image\"]}}]"}}, {"model": "admin.logentry", "pk": 17, "fields": {"action_time": "2023-10-21T13:52:22.635Z", "user": "236b591b-c25f-4795-97ee-4ba52c93b870", "content_type": 13, "object_id": "c89d41d0-9c46-4781-b097-985e7c06e74b", "object_repr": "Product object (c89d41d0-9c46-4781-b097-985e7c06e74b)", "action_flag": 2, "change_message": "[{\"changed\": {\"fields\": [\"Price\", \"Old price\", \"Imagesone\", \"Imagestwo\", \"Imagesthree\", \"Imagesfour\", \"In stock\", \"Title\", \"Description\", \"Specifications\", \"Product status\"]}}]"}}, {"model": "admin.logentry", "pk": 18, "fields": {"action_time": "2023-10-21T13:53:39.848Z", "user": "236b591b-c25f-4795-97ee-4ba52c93b870", "content_type": 13, "object_id": "c89d41d0-9c46-4781-b097-985e7c06e74b", "object_repr": "Product object (c89d41d0-9c46-4781-b097-985e7c06e74b)", "action_flag": 2, "change_message": "[{\"changed\": {\"fields\": [\"Imagesfour\"]}}]"}}, {"model": "admin.logentry", "pk": 19, "fields": {"action_time": "2023-10-21T13:55:44.459Z", "user": "236b591b-c25f-4795-97ee-4ba52c93b870", "content_type": 13, "object_id": "c89d41d0-9c46-4781-b097-985e7c06e74b", "object_repr": "Product object (c89d41d0-9c46-4781-b097-985e7c06e74b)", "action_flag": 2, "change_message": "[{\"changed\": {\"fields\": [\"Imagesone\", \"Imagesfour\"]}}]"}}, {"model": "admin.logentry", "pk": 20, "fields": {"action_time": "2023-10-21T13:58:58.217Z", "user": "236b591b-c25f-4795-97ee-4ba52c93b870", "content_type": 13, "object_id": "36925279-cce0-4f03-92f4-8a0a721068e9", "object_repr": "Product object (36925279-cce0-4f03-92f4-8a0a721068e9)", "action_flag": 1, "change_message": "[{\"added\": {}}]"}}, {"model": "admin.logentry", "pk": 21, "fields": {"action_time": "2023-10-21T14:00:57.398Z", "user": "236b591b-c25f-4795-97ee-4ba52c93b870", "content_type": 13, "object_id": "36925279-cce0-4f03-92f4-8a0a721068e9", "object_repr": "Product object (36925279-cce0-4f03-92f4-8a0a721068e9)", "action_flag": 2, "change_message": "[{\"changed\": {\"fields\": [\"Price\", \"Old price\", \"Title\", \"Description\", \"Specifications\", \"Product status\"]}}]"}}, {"model": "admin.logentry", "pk": 22, "fields": {"action_time": "2023-10-21T14:01:22.706Z", "user": "236b591b-c25f-4795-97ee-4ba52c93b870", "content_type": 13, "object_id": "36925279-cce0-4f03-92f4-8a0a721068e9", "object_repr": "Product object (36925279-cce0-4f03-92f4-8a0a721068e9)", "action_flag": 2, "change_message": "[]"}}, {"model": "admin.logentry", "pk": 23, "fields": {"action_time": "2023-10-21T14:02:19.231Z", "user": "236b591b-c25f-4795-97ee-4ba52c93b870", "content_type": 13, "object_id": "36925279-cce0-4f03-92f4-8a0a721068e9", "object_repr": "Product object (36925279-cce0-4f03-92f4-8a0a721068e9)", "action_flag": 2, "change_message": "[]"}}, {"model": "admin.logentry", "pk": 24, "fields": {"action_time": "2023-10-21T14:03:44.823Z", "user": "236b591b-c25f-4795-97ee-4ba52c93b870", "content_type": 13, "object_id": "c89d41d0-9c46-4781-b097-985e7c06e74b", "object_repr": "Product object (c89d41d0-9c46-4781-b097-985e7c06e74b)", "action_flag": 2, "change_message": "[]"}}, {"model": "admin.logentry", "pk": 25, "fields": {"action_time": "2023-10-21T14:03:48.583Z", "user": "236b591b-c25f-4795-97ee-4ba52c93b870", "content_type": 13, "object_id": "36925279-cce0-4f03-92f4-8a0a721068e9", "object_repr": "Product object (36925279-cce0-4f03-92f4-8a0a721068e9)", "action_flag": 2, "change_message": "[]"}}, {"model": "admin.logentry", "pk": 26, "fields": {"action_time": "2023-10-21T14:05:50.010Z", "user": "236b591b-c25f-4795-97ee-4ba52c93b870", "content_type": 13, "object_id": "36925279-cce0-4f03-92f4-8a0a721068e9", "object_repr": "Product object (36925279-cce0-4f03-92f4-8a0a721068e9)", "action_flag": 2, "change_message": "[]"}}, {"model": "admin.logentry", "pk": 27, "fields": {"action_time": "2023-10-21T14:08:14.440Z", "user": "236b591b-c25f-4795-97ee-4ba52c93b870", "content_type": 13, "object_id": "6ccd07b3-86c8-41ee-9026-0766df383a9f", "object_repr": "Product object (6ccd07b3-86c8-41ee-9026-0766df383a9f)", "action_flag": 1, "change_message": "[{\"added\": {}}]"}}, {"model": "admin.logentry", "pk": 28, "fields": {"action_time": "2023-10-21T14:09:29.926Z", "user": "236b591b-c25f-4795-97ee-4ba52c93b870", "content_type": 13, "object_id": "6ccd07b3-86c8-41ee-9026-0766df383a9f", "object_repr": "Product object (6ccd07b3-86c8-41ee-9026-0766df383a9f)", "action_flag": 2, "change_message": "[{\"changed\": {\"fields\": [\"Title\", \"Description\", \"Specifications\", \"Product status\"]}}]"}}, {"model": "admin.logentry", "pk": 29, "fields": {"action_time": "2023-10-21T14:11:28.094Z", "user": "236b591b-c25f-4795-97ee-4ba52c93b870", "content_type": 11, "object_id": "5af7b36d-f810-44ff-af6b-639415263ae9", "object_repr": "Duffles", "action_flag": 1, "change_message": "[{\"added\": {}}]"}}, {"model": "admin.logentry", "pk": 30, "fields": {"action_time": "2023-10-21T14:13:08.918Z", "user": "236b591b-c25f-4795-97ee-4ba52c93b870", "content_type": 13, "object_id": "e9da41ad-355b-4dea-aa9a-cc90be4054fe", "object_repr": "Product object (e9da41ad-355b-4dea-aa9a-cc90be4054fe)", "action_flag": 1, "change_message": "[{\"added\": {}}]"}}, {"model": "admin.logentry", "pk": 31, "fields": {"action_time": "2023-10-21T14:14:58.233Z", "user": "236b591b-c25f-4795-97ee-4ba52c93b870", "content_type": 13, "object_id": "e9da41ad-355b-4dea-aa9a-cc90be4054fe", "object_repr": "Product object (e9da41ad-355b-4dea-aa9a-cc90be4054fe)", "action_flag": 2, "change_message": "[{\"changed\": {\"fields\": [\"Title\", \"Description\", \"Specifications\", \"Product status\"]}}]"}}, {"model": "admin.logentry", "pk": 32, "fields": {"action_time": "2023-10-21T14:17:54.432Z", "user": "236b591b-c25f-4795-97ee-4ba52c93b870", "content_type": 13, "object_id": "0f660924-4860-4b60-9360-04ef19aad6eb", "object_repr": "Product object (0f660924-4860-4b60-9360-04ef19aad6eb)", "action_flag": 1, "change_message": "[{\"added\": {}}]"}}, {"model": "admin.logentry", "pk": 33, "fields": {"action_time": "2023-10-21T14:19:26.139Z", "user": "236b591b-c25f-4795-97ee-4ba52c93b870", "content_type": 13, "object_id": "0f660924-4860-4b60-9360-04ef19aad6eb", "object_repr": "Product object (0f660924-4860-4b60-9360-04ef19aad6eb)", "action_flag": 2, "change_message": "[{\"changed\": {\"fields\": [\"Title\", \"Description\", \"Specifications\", \"Product status\"]}}]"}}, {"model": "admin.logentry", "pk": 34, "fields": {"action_time": "2023-10-21T14:20:11.233Z", "user": "236b591b-c25f-4795-97ee-4ba52c93b870", "content_type": 13, "object_id": "0f660924-4860-4b60-9360-04ef19aad6eb", "object_repr": "Product object (0f660924-4860-4b60-9360-04ef19aad6eb)", "action_flag": 2, "change_message": "[]"}}, {"model": "admin.logentry", "pk": 35, "fields": {"action_time": "2023-10-21T14:29:40.113Z", "user": "236b591b-c25f-4795-97ee-4ba52c93b870", "content_type": 13, "object_id": "a8400d1e-46e6-4b10-afd4-456abf607915", "object_repr": "Product object (a8400d1e-46e6-4b10-afd4-456abf607915)", "action_flag": 1, "change_message": "[{\"added\": {}}]"}}, {"model": "admin.logentry", "pk": 36, "fields": {"action_time": "2023-10-21T14:35:11.175Z", "user": "236b591b-c25f-4795-97ee-4ba52c93b870", "content_type": 13, "object_id": "045d681e-ee47-4474-b379-7c0ed4d363cd", "object_repr": "Product object (045d681e-ee47-4474-b379-7c0ed4d363cd)", "action_flag": 1, "change_message": "[{\"added\": {}}]"}}, {"model": "admin.logentry", "pk": 37, "fields": {"action_time": "2023-10-21T14:45:21.211Z", "user": "236b591b-c25f-4795-97ee-4ba52c93b870", "content_type": 11, "object_id": "cec9cfb4-f452-43fb-a3fb-3d76fad19bd7", "object_repr": "Luggagebag", "action_flag": 1, "change_message": "[{\"added\": {}}]"}}, {"model": "admin.logentry", "pk": 38, "fields": {"action_time": "2023-10-21T14:45:43.805Z", "user": "236b591b-c25f-4795-97ee-4ba52c93b870", "content_type": 13, "object_id": "e9da41ad-355b-4dea-aa9a-cc90be4054fe", "object_repr": "Product object (e9da41ad-355b-4dea-aa9a-cc90be4054fe)", "action_flag": 2, "change_message": "[{\"changed\": {\"fields\": [\"Category\"]}}]"}}, {"model": "admin.logentry", "pk": 39, "fields": {"action_time": "2023-10-21T14:46:15.433Z", "user": "236b591b-c25f-4795-97ee-4ba52c93b870", "content_type": 13, "object_id": "e9da41ad-355b-4dea-aa9a-cc90be4054fe", "object_repr": "Product object (e9da41ad-355b-4dea-aa9a-cc90be4054fe)", "action_flag": 2, "change_message": "[{\"changed\": {\"fields\": [\"Category\"]}}]"}}, {"model": "admin.logentry", "pk": 40, "fields": {"action_time": "2023-10-21T14:49:46.469Z", "user": "236b591b-c25f-4795-97ee-4ba52c93b870", "content_type": 13, "object_id": "ea99c0f7-9f0b-470e-a421-cfeff75b795d", "object_repr": "Product object (ea99c0f7-9f0b-470e-a421-cfeff75b795d)", "action_flag": 1, "change_message": "[{\"added\": {}}]"}}, {"model": "admin.logentry", "pk": 41, "fields": {"action_time": "2023-10-21T14:53:10.379Z", "user": "236b591b-c25f-4795-97ee-4ba52c93b870", "content_type": 13, "object_id": "00feccee-a3b7-469d-871a-f738d2f1cab7", "object_repr": "Product object (00feccee-a3b7-469d-871a-f738d2f1cab7)", "action_flag": 1, "change_message": "[{\"added\": {}}]"}}, {"model": "admin.logentry", "pk": 42, "fields": {"action_time": "2023-10-21T14:57:02.361Z", "user": "236b591b-c25f-4795-97ee-4ba52c93b870", "content_type": 13, "object_id": "78978d4d-d0a2-4dcc-a946-04f182667c73", "object_repr": "Product object (78978d4d-d0a2-4dcc-a946-04f182667c73)", "action_flag": 1, "change_message": "[{\"added\": {}}]"}}, {"model": "admin.logentry", "pk": 43, "fields": {"action_time": "2023-10-21T15:04:06.116Z", "user": "236b591b-c25f-4795-97ee-4ba52c93b870", "content_type": 13, "object_id": "e9a99b97-86e8-446b-96bc-4b1f04904da3", "object_repr": "Product object (e9a99b97-86e8-446b-96bc-4b1f04904da3)", "action_flag": 1, "change_message": "[{\"added\": {}}]"}}, {"model": "admin.logentry", "pk": 44, "fields": {"action_time": "2023-10-21T15:06:02.245Z", "user": "236b591b-c25f-4795-97ee-4ba52c93b870", "content_type": 11, "object_id": "d58c12ec-84c6-49bd-9210-4068f4f4e208", "object_repr": "Student Travel", "action_flag": 1, "change_message": "[{\"added\": {}}]"}}, {"model": "admin.logentry", "pk": 45, "fields": {"action_time": "2023-10-21T15:09:54.168Z", "user": "236b591b-c25f-4795-97ee-4ba52c93b870", "content_type": 13, "object_id": "2f566195-e1c8-42d9-85fe-668b70b4ce9a", "object_repr": "Product object (2f566195-e1c8-42d9-85fe-668b70b4ce9a)", "action_flag": 1, "change_message": "[{\"added\": {}}]"}}, {"model": "admin.logentry", "pk": 46, "fields": {"action_time": "2023-10-21T15:44:56.823Z", "user": "236b591b-c25f-4795-97ee-4ba52c93b870", "content_type": 13, "object_id": "decc8384-8895-4beb-bb14-c1592ff03c02", "object_repr": "Product object (decc8384-8895-4beb-bb14-c1592ff03c02)", "action_flag": 1, "change_message": "[{\"added\": {}}]"}}, {"model": "admin.logentry", "pk": 47, "fields": {"action_time": "2023-10-21T15:51:52.661Z", "user": "236b591b-c25f-4795-97ee-4ba52c93b870", "content_type": 13, "object_id": "484a921d-f4c9-4fcf-a5aa-e708c8829dab", "object_repr": "Product object (484a921d-f4c9-4fcf-a5aa-e708c8829dab)", "action_flag": 1, "change_message": "[{\"added\": {}}]"}}, {"model": "admin.logentry", "pk": 48, "fields": {"action_time": "2023-10-21T15:56:04.625Z", "user": "236b591b-c25f-4795-97ee-4ba52c93b870", "content_type": 13, "object_id": "05a8c19d-db3a-438a-a7cd-ade60d215eff", "object_repr": "Product object (05a8c19d-db3a-438a-a7cd-ade60d215eff)", "action_flag": 1, "change_message": "[{\"added\": {}}]"}}, {"model": "admin.logentry", "pk": 49, "fields": {"action_time": "2023-10-23T06:15:41.464Z", "user": "236b591b-c25f-4795-97ee-4ba52c93b870", "content_type": 18, "object_id": "1282ab47-f72b-45d9-a0e4-1068ce3c2c97", "object_repr": "Review object (1282ab47-f72b-45d9-a0e4-1068ce3c2c97)", "action_flag": 1, "change_message": "[{\"added\": {}}]"}}, {"model": "admin.logentry", "pk": 50, "fields": {"action_time": "2023-10-26T07:14:52.173Z", "user": "236b591b-c25f-4795-97ee-4ba52c93b870", "content_type": 13, "object_id": "ea99c0f7-9f0b-470e-a421-cfeff75b795d", "object_repr": "Product object (ea99c0f7-9f0b-470e-a421-cfeff75b795d)", "action_flag": 2, "change_message": "[{\"changed\": {\"fields\": [\"Description\", \"Specifications\", \"Product status\"]}}]"}}, {"model": "admin.logentry", "pk": 51, "fields": {"action_time": "2023-11-06T11:03:17.188Z", "user": "236b591b-c25f-4795-97ee-4ba52c93b870", "content_type": 20, "object_id": "bd8e2610-95ab-4562-a501-a3a361fe29ff", "object_repr": "Wishlist object (bd8e2610-95ab-4562-a501-a3a361fe29ff)", "action_flag": 1, "change_message": "[{\"added\": {}}]"}}, {"model": "admin.logentry", "pk": 52, "fields": {"action_time": "2023-11-07T04:43:28.078Z", "user": "236b591b-c25f-4795-97ee-4ba52c93b870", "content_type": 21, "object_id": "9073722d-c7e2-4356-b700-eed4d4ae2d90", "object_repr": "WishlistItem object (9073722d-c7e2-4356-b700-eed4d4ae2d90)", "action_flag": 1, "change_message": "[{\"added\": {}}]"}}, {"model": "admin.logentry", "pk": 53, "fields": {"action_time": "2023-11-07T04:43:53.626Z", "user": "236b591b-c25f-4795-97ee-4ba52c93b870", "content_type": 20, "object_id": "a1fc72b2-041d-4ee2-aa02-32d03db74ebe", "object_repr": "Wishlist object (a1fc72b2-041d-4ee2-aa02-32d03db74ebe)", "action_flag": 3, "change_message": ""}}, {"model": "admin.logentry", "pk": 54, "fields": {"action_time": "2023-11-07T04:52:45.606Z", "user": "236b591b-c25f-4795-97ee-4ba52c93b870", "content_type": 21, "object_id": "bfc07812-c360-4714-892b-bbf0a87ea594", "object_repr": "WishlistItem object (bfc07812-c360-4714-892b-bbf0a87ea594)", "action_flag": 1, "change_message": "[{\"added\": {}}]"}}, {"model": "admin.logentry", "pk": 55, "fields": {"action_time": "2023-11-07T05:07:08.729Z", "user": "236b591b-c25f-4795-97ee-4ba52c93b870", "content_type": 21, "object_id": "a9db7ffe-0955-4347-92bb-3900c5308f0e", "object_repr": "WishlistItem object (a9db7ffe-0955-4347-92bb-3900c5308f0e)", "action_flag": 1, "change_message": "[{\"added\": {}}]"}}, {"model": "admin.logentry", "pk": 56, "fields": {"action_time": "2023-11-10T06:43:49.863Z", "user": "236b591b-c25f-4795-97ee-4ba52c93b870", "content_type": 25, "object_id": "1", "object_repr": "Cart 1", "action_flag": 1, "change_message": "[{\"added\": {}}]"}}, {"model": "admin.logentry", "pk": 57, "fields": {"action_time": "2023-11-10T06:52:28.862Z", "user": "236b591b-c25f-4795-97ee-4ba52c93b870", "content_type": 26, "object_id": "1", "object_repr": "Ziabags Cityscape (1)", "action_flag": 1, "change_message": "[{\"added\": {}}]"}}, {"model": "admin.logentry", "pk": 58, "fields": {"action_time": "2023-11-10T07:05:07.638Z", "user": "236b591b-c25f-4795-97ee-4ba52c93b870", "content_type": 26, "object_id": "1", "object_repr": "Ziabags Cityscape (1)", "action_flag": 2, "change_message": "[{\"changed\": {\"fields\": [\"Cover image\"]}}]"}}, {"model": "admin.logentry", "pk": 59, "fields": {"action_time": "2023-11-10T07:05:45.324Z", "user": "236b591b-c25f-4795-97ee-4ba52c93b870", "content_type": 26, "object_id": "1", "object_repr": "Ziabags Cityscape (1)", "action_flag": 2, "change_message": "[]"}}, {"model": "admin.logentry", "pk": 60, "fields": {"action_time": "2023-11-10T07:12:34.662Z", "user": "236b591b-c25f-4795-97ee-4ba52c93b870", "content_type": 26, "object_id": "1", "object_repr": "Ziabags Cityscape (1)", "action_flag": 3, "change_message": ""}}, {"model": "admin.logentry", "pk": 61, "fields": {"action_time": "2023-11-15T14:09:30.640Z", "user": "236b591b-c25f-4795-97ee-4ba52c93b870", "content_type": 27, "object_id": "c101699c-e7d0-4dee-a51e-0e4faf8d0715", "object_repr": " muhammed fayiz  arikulam", "action_flag": 1, "change_message": "[{\"added\": {}}]"}}, {"model": "admin.logentry", "pk": 62, "fields": {"action_time": "2023-11-16T04:52:30.545Z", "user": "236b591b-c25f-4795-97ee-4ba52c93b870", "content_type": 27, "object_id": "c101699c-e7d0-4dee-a51e-0e4faf8d0715", "object_repr": " muhammed fayiz  arikulam", "action_flag": 2, "change_message": "[]"}}, {"model": "admin.logentry", "pk": 63, "fields": {"action_time": "2023-11-16T04:55:29.258Z", "user": "236b591b-c25f-4795-97ee-4ba52c93b870", "content_type": 27, "object_id": "c101699c-e7d0-4dee-a51e-0e4faf8d0715", "object_repr": " muhammed fayiz  arikulam", "action_flag": 2, "change_message": "[{\"changed\": {\"fields\": [\"User\"]}}]"}}, {"model": "admin.logentry", "pk": 64, "fields": {"action_time": "2023-11-16T04:56:59.977Z", "user": "236b591b-c25f-4795-97ee-4ba52c93b870", "content_type": 27, "object_id": "4a6a64b0-2eec-47a5-a1c8-955ea7d69473", "object_repr": " amrutha murali  chevayur", "action_flag": 1, "change_message": "[{\"added\": {}}]"}}, {"model": "admin.logentry", "pk": 65, "fields": {"action_time": "2023-11-16T05:46:56.873Z", "user": "236b591b-c25f-4795-97ee-4ba52c93b870", "content_type": 27, "object_id": "e6ab7e42-334e-4e91-89cd-80b290d97609", "object_repr": " hadik  arikulam", "action_flag": 3, "change_message": ""}}, {"model": "admin.logentry", "pk": 66, "fields": {"action_time": "2023-11-16T05:46:56.878Z", "user": "236b591b-c25f-4795-97ee-4ba52c93b870", "content_type": 27, "object_id": "c38cb9db-eafc-49ab-988c-748b86abb022", "object_repr": " hadik jazar  palayam", "action_flag": 3, "change_message": ""}}, {"model": "admin.logentry", "pk": 67, "fields": {"action_time": "2023-11-16T05:46:56.879Z", "user": "236b591b-c25f-4795-97ee-4ba52c93b870", "content_type": 27, "object_id": "b628ff49-ccb9-4b18-b7f9-0bb869b4c2db", "object_repr": " muhammed fayiz  arikulam", "action_flag": 3, "change_message": ""}}, {"model": "admin.logentry", "pk": 68, "fields": {"action_time": "2023-11-16T05:46:56.880Z", "user": "236b591b-c25f-4795-97ee-4ba52c93b870", "content_type": 27, "object_id": "80d4003a-6910-4565-96c4-2c2cf93bd0e5", "object_repr": " hadik jazar  arikulam", "action_flag": 3, "change_message": ""}}, {"model": "admin.logentry", "pk": 69, "fields": {"action_time": "2023-11-16T05:46:56.881Z", "user": "236b591b-c25f-4795-97ee-4ba52c93b870", "content_type": 27, "object_id": "57972f31-5583-4c9f-89f3-2e7c739d1131", "object_repr": " muhammed fayiz  arikulam", "action_flag": 3, "change_message": ""}}, {"model": "admin.logentry", "pk": 70, "fields": {"action_time": "2023-11-16T05:46:56.883Z", "user": "236b591b-c25f-4795-97ee-4ba52c93b870", "content_type": 27, "object_id": "5772553d-2f7a-46ca-a45f-1fab5be54422", "object_repr": " muhammed fayiz  arikulam", "action_flag": 3, "change_message": ""}}, {"model": "admin.logentry", "pk": 71, "fields": {"action_time": "2023-11-16T05:46:56.885Z", "user": "236b591b-c25f-4795-97ee-4ba52c93b870", "content_type": 27, "object_id": "5061b5ce-f474-45ee-bd94-b6ea3618e79e", "object_repr": " muhammed fayiz  arikulam", "action_flag": 3, "change_message": ""}}, {"model": "admin.logentry", "pk": 72, "fields": {"action_time": "2023-11-16T06:13:17.387Z", "user": "236b591b-c25f-4795-97ee-4ba52c93b870", "content_type": 26, "object_id": "17", "object_repr": "Ziabags Squad Nxt 05 (1)", "action_flag": 2, "change_message": "[]"}}, {"model": "admin.logentry", "pk": 73, "fields": {"action_time": "2023-11-16T06:17:33.547Z", "user": "236b591b-c25f-4795-97ee-4ba52c93b870", "content_type": 25, "object_id": "1", "object_repr": "Cart object (1)", "action_flag": 2, "change_message": "[]"}}, {"model": "admin.logentry", "pk": 74, "fields": {"action_time": "2023-11-16T06:17:47.803Z", "user": "236b591b-c25f-4795-97ee-4ba52c93b870", "content_type": 25, "object_id": "1", "object_repr": "Cart object (1)", "action_flag": 2, "change_message": "[{\"changed\": {\"fields\": [\"Total\"]}}]"}}, {"model": "admin.logentry", "pk": 75, "fields": {"action_time": "2023-11-16T06:20:06.413Z", "user": "236b591b-c25f-4795-97ee-4ba52c93b870", "content_type": 25, "object_id": "1", "object_repr": "Cart object (1)", "action_flag": 2, "change_message": "[]"}}, {"model": "admin.logentry", "pk": 76, "fields": {"action_time": "2023-11-16T06:21:20.264Z", "user": "236b591b-c25f-4795-97ee-4ba52c93b870", "content_type": 25, "object_id": "1", "object_repr": "Cart object (1)", "action_flag": 3, "change_message": ""}}, {"model": "admin.logentry", "pk": 77, "fields": {"action_time": "2023-11-16T06:23:05.303Z", "user": "236b591b-c25f-4795-97ee-4ba52c93b870", "content_type": 25, "object_id": "2", "object_repr": "Cart object (2)", "action_flag": 2, "change_message": "[]"}}, {"model": "admin.logentry", "pk": 78, "fields": {"action_time": "2023-11-16T06:23:21.769Z", "user": "236b591b-c25f-4795-97ee-4ba52c93b870", "content_type": 25, "object_id": "2", "object_repr": "Cart object (2)", "action_flag": 2, "change_message": "[{\"changed\": {\"fields\": [\"Total\"]}}]"}}, {"model": "admin.logentry", "pk": 79, "fields": {"action_time": "2023-11-16T06:24:33.643Z", "user": "236b591b-c25f-4795-97ee-4ba52c93b870", "content_type": 25, "object_id": "2", "object_repr": "Cart object (2)", "action_flag": 2, "change_message": "[{\"changed\": {\"fields\": [\"Total\"]}}]"}}, {"model": "admin.logentry", "pk": 80, "fields": {"action_time": "2023-11-16T06:24:44.911Z", "user": "236b591b-c25f-4795-97ee-4ba52c93b870", "content_type": 25, "object_id": "2", "object_repr": "Cart object (2)", "action_flag": 2, "change_message": "[]"}}, {"model": "admin.logentry", "pk": 81, "fields": {"action_time": "2023-11-16T06:28:53.791Z", "user": "236b591b-c25f-4795-97ee-4ba52c93b870", "content_type": 25, "object_id": "2", "object_repr": "Cart object (2)", "action_flag": 2, "change_message": "[]"}}, {"model": "admin.logentry", "pk": 82, "fields": {"action_time": "2023-11-16T06:28:59.611Z", "user": "236b591b-c25f-4795-97ee-4ba52c93b870", "content_type": 25, "object_id": "2", "object_repr": "Cart object (2)", "action_flag": 3, "change_message": ""}}, {"model": "admin.logentry", "pk": 83, "fields": {"action_time": "2023-11-16T06:31:47.751Z", "user": "236b591b-c25f-4795-97ee-4ba52c93b870", "content_type": 25, "object_id": "3", "object_repr": "Cart object (3)", "action_flag": 2, "change_message": "[]"}}, {"model": "admin.logentry", "pk": 84, "fields": {"action_time": "2023-11-16T06:31:56.900Z", "user": "236b591b-c25f-4795-97ee-4ba52c93b870", "content_type": 25, "object_id": "3", "object_repr": "Cart object (3)", "action_flag": 2, "change_message": "[{\"changed\": {\"fields\": [\"Total\"]}}]"}}, {"model": "admin.logentry", "pk": 85, "fields": {"action_time": "2023-11-16T06:32:03.055Z", "user": "236b591b-c25f-4795-97ee-4ba52c93b870", "content_type": 25, "object_id": "3", "object_repr": "Cart object (3)", "action_flag": 3, "change_message": ""}}, {"model": "admin.logentry", "pk": 86, "fields": {"action_time": "2023-11-29T09:26:43.258Z", "user": "236b591b-c25f-4795-97ee-4ba52c93b870", "content_type": 22, "object_id": "42", "object_repr": "Order 42 - amrutha", "action_flag": 2, "change_message": "[{\"changed\": {\"fields\": [\"Quantity\", \"Status\"]}}]"}}, {"model": "admin.logentry", "pk": 87, "fields": {"action_time": "2023-11-29T09:29:23.920Z", "user": "236b591b-c25f-4795-97ee-4ba52c93b870", "content_type": 23, "object_id": "42", "object_repr": "OrderItem object (42)", "action_flag": 2, "change_message": "[{\"changed\": {\"fields\": [\"Line total\", \"Status\"]}}]"}}, {"model": "admin.logentry", "pk": 88, "fields": {"action_time": "2023-12-05T11:49:50.171Z", "user": "236b591b-c25f-4795-97ee-4ba52c93b870", "content_type": 23, "object_id": "137", "object_repr": "OrderItem object (137)", "action_flag": 2, "change_message": "[{\"changed\": {\"fields\": [\"Status\"]}}]"}}, {"model": "admin.logentry", "pk": 89, "fields": {"action_time": "2023-12-05T11:53:00.752Z", "user": "236b591b-c25f-4795-97ee-4ba52c93b870", "content_type": 22, "object_id": "68", "object_repr": "Order 68 - abhishek", "action_flag": 2, "change_message": "[{\"changed\": {\"fields\": [\"Status\"]}}]"}}, {"model": "admin.logentry", "pk": 90, "fields": {"action_time": "2023-12-05T11:53:28.628Z", "user": "236b591b-c25f-4795-97ee-4ba52c93b870", "content_type": 22, "object_id": "68", "object_repr": "Order 68 - abhishek", "action_flag": 2, "change_message": "[{\"changed\": {\"fields\": [\"Status\"]}}]"}}, {"model": "admin.logentry", "pk": 91, "fields": {"action_time": "2023-12-05T11:58:15.797Z", "user": "236b591b-c25f-4795-97ee-4ba52c93b870", "content_type": 23, "object_id": "137", "object_repr": "OrderItem object (137)", "action_flag": 2, "change_message": "[{\"changed\": {\"fields\": [\"Product\", \"Status\"]}}]"}}, {"model": "admin.logentry", "pk": 92, "fields": {"action_time": "2023-12-05T12:08:21.090Z", "user": "236b591b-c25f-4795-97ee-4ba52c93b870", "content_type": 22, "object_id": "67", "object_repr": "Order 67 - amrutha", "action_flag": 2, "change_message": "[{\"changed\": {\"fields\": [\"Status\"]}}]"}}, {"model": "admin.logentry", "pk": 93, "fields": {"action_time": "2023-12-05T12:09:58.857Z", "user": "236b591b-c25f-4795-97ee-4ba52c93b870", "content_type": 22, "object_id": "59", "object_repr": "Order 59 - amrutha", "action_flag": 2, "change_message": "[{\"changed\": {\"fields\": [\"Status\"]}}]"}}, {"model": "admin.logentry", "pk": 94, "fields": {"action_time": "2023-12-05T12:15:34.748Z", "user": "236b591b-c25f-4795-97ee-4ba52c93b870", "content_type": 22, "object_id": "69", "object_repr": "Order 69 - fayiz", "action_flag": 2, "change_message": "[{\"changed\": {\"fields\": [\"Status\"]}}]"}}, {"model": "admin.logentry", "pk": 95, "fields": {"action_time": "2023-12-05T12:15:46.611Z", "user": "236b591b-c25f-4795-97ee-4ba52c93b870", "content_type": 6, "object_id": "8c0d134d-bb59-4329-a9ec-7b0a8e324c61", "object_repr": "fayiz@gmail.com", "action_flag": 2, "change_message": "[{\"changed\": {\"fields\": [\"Superuser status\"]}}]"}}, {"model": "admin.logentry", "pk": 96, "fields": {"action_time": "2023-12-05T12:17:13.662Z", "user": "236b591b-c25f-4795-97ee-4ba52c93b870", "content_type": 6, "object_id": "8c0d134d-bb59-4329-a9ec-7b0a8e324c61", "object_repr": "fayiz@gmail.com", "action_flag": 2, "change_message": "[{\"changed\": {\"fields\": [\"Superuser status\"]}}]"}}, {"model": "admin.logentry", "pk": 97, "fields": {"action_time": "2023-12-06T05:01:21.836Z", "user": "236b591b-c25f-4795-97ee-4ba52c93b870", "content_type": 23, "object_id": "134", "object_repr": "OrderItem object (134)", "action_flag": 2, "change_message": "[{\"changed\": {\"fields\": [\"Status\"]}}]"}}, {"model": "admin.logentry", "pk": 98, "fields": {"action_time": "2023-12-06T05:06:30.303Z", "user": "236b591b-c25f-4795-97ee-4ba52c93b870", "content_type": 23, "object_id": "135", "object_repr": "OrderItem object (135)", "action_flag": 2, "change_message": "[{\"changed\": {\"fields\": [\"Status\"]}}]"}}, {"model": "admin.logentry", "pk": 99, "fields": {"action_time": "2023-12-06T05:39:46.055Z", "user": "236b591b-c25f-4795-97ee-4ba52c93b870", "content_type": 22, "object_id": "74", "object_repr": "Order 74 - amrutha", "action_flag": 2, "change_message": "[{\"changed\": {\"fields\": [\"User\", \"Status\"]}}]"}}, {"model": "admin.logentry", "pk": 100, "fields": {"action_time": "2023-12-06T05:41:11.048Z", "user": "236b591b-c25f-4795-97ee-4ba52c93b870", "content_type": 22, "object_id": "74", "object_repr": "Order 74 - amrutha", "action_flag": 2, "change_message": "[{\"changed\": {\"fields\": [\"Status\"]}}]"}}, {"model": "admin.logentry", "pk": 101, "fields": {"action_time": "2023-12-06T05:42:35.391Z", "user": "236b591b-c25f-4795-97ee-4ba52c93b870", "content_type": 22, "object_id": "74", "object_repr": "Order 74 - amrutha", "action_flag": 2, "change_message": "[{\"changed\": {\"fields\": [\"Status\"]}}]"}}, {"model": "admin.logentry", "pk": 102, "fields": {"action_time": "2023-12-06T06:40:55.410Z", "user": "236b591b-c25f-4795-97ee-4ba52c93b870", "content_type": 22, "object_id": "75", "object_repr": "Order 75 - amrutha", "action_flag": 2, "change_message": "[{\"changed\": {\"fields\": [\"Status\"]}}]"}}, {"model": "admin.logentry", "pk": 103, "fields": {"action_time": "2023-12-06T06:41:24.084Z", "user": "236b591b-c25f-4795-97ee-4ba52c93b870", "content_type": 22, "object_id": "75", "object_repr": "Order 75 - amrutha", "action_flag": 2, "change_message": "[{\"changed\": {\"fields\": [\"Status\"]}}]"}}, {"model": "admin.logentry", "pk": 104, "fields": {"action_time": "2023-12-08T09:30:36.510Z", "user": "236b591b-c25f-4795-97ee-4ba52c93b870", "content_type": 25, "object_id": "4", "object_repr": "Cart object (4)", "action_flag": 3, "change_message": ""}}, {"model": "admin.logentry", "pk": 105, "fields": {"action_time": "2023-12-08T09:40:55.783Z", "user": "236b591b-c25f-4795-97ee-4ba52c93b870", "content_type": 25, "object_id": "8", "object_repr": "Cart object (8)", "action_flag": 2, "change_message": "[{\"changed\": {\"fields\": [\"Total\"]}}]"}}, {"model": "admin.logentry", "pk": 106, "fields": {"action_time": "2023-12-08T12:38:42.024Z", "user": "236b591b-c25f-4795-97ee-4ba52c93b870", "content_type": 22, "object_id": "91", "object_repr": "Order 91 - zia", "action_flag": 2, "change_message": "[{\"changed\": {\"fields\": [\"Status\"]}}]"}}, {"model": "auth.permission", "pk": 1, "fields": {"name": "Can add log entry", "content_type": 1, "codename": "add_logentry"}}, {"model": "auth.permission", "pk": 2, "fields": {"name": "Can change log entry", "content_type": 1, "codename": "change_logentry"}}, {"model": "auth.permission", "pk": 3, "fields": {"name": "Can delete log entry", "content_type": 1, "codename": "delete_logentry"}}, {"model": "auth.permission", "pk": 4, "fields": {"name": "Can view log entry", "content_type": 1, "codename": "view_logentry"}}, {"model": "auth.permission", "pk": 5, "fields": {"name": "Can add permission", "content_type": 2, "codename": "add_permission"}}, {"model": "auth.permission", "pk": 6, "fields": {"name": "Can change permission", "content_type": 2, "codename": "change_permission"}}, {"model": "auth.permission", "pk": 7, "fields": {"name": "Can delete permission", "content_type": 2, "codename": "delete_permission"}}, {"model": "auth.permission", "pk": 8, "fields": {"name": "Can view permission", "content_type": 2, "codename": "view_permission"}}, {"model": "auth.permission", "pk": 9, "fields": {"name": "Can add group", "content_type": 3, "codename": "add_group"}}, {"model": "auth.permission", "pk": 10, "fields": {"name": "Can change group", "content_type": 3, "codename": "change_group"}}, {"model": "auth.permission", "pk": 11, "fields": {"name": "Can delete group", "content_type": 3, "codename": "delete_group"}}, {"model": "auth.permission", "pk": 12, "fields": {"name": "Can view group", "content_type": 3, "codename": "view_group"}}, {"model": "auth.permission", "pk": 13, "fields": {"name": "Can add content type", "content_type": 4, "codename": "add_contenttype"}}, {"model": "auth.permission", "pk": 14, "fields": {"name": "Can change content type", "content_type": 4, "codename": "change_contenttype"}}, {"model": "auth.permission", "pk": 15, "fields": {"name": "Can delete content type", "content_type": 4, "codename": "delete_contenttype"}}, {"model": "auth.permission", "pk": 16, "fields": {"name": "Can view content type", "content_type": 4, "codename": "view_contenttype"}}, {"model": "auth.permission", "pk": 17, "fields": {"name": "Can add session", "content_type": 5, "codename": "add_session"}}, {"model": "auth.permission", "pk": 18, "fields": {"name": "Can change session", "content_type": 5, "codename": "change_session"}}, {"model": "auth.permission", "pk": 19, "fields": {"name": "Can delete session", "content_type": 5, "codename": "delete_session"}}, {"model": "auth.permission", "pk": 20, "fields": {"name": "Can view session", "content_type": 5, "codename": "view_session"}}, {"model": "auth.permission", "pk": 21, "fields": {"name": "Can add user profile", "content_type": 6, "codename": "add_userprofile"}}, {"model": "auth.permission", "pk": 22, "fields": {"name": "Can change user profile", "content_type": 6, "codename": "change_userprofile"}}, {"model": "auth.permission", "pk": 23, "fields": {"name": "Can delete user profile", "content_type": 6, "codename": "delete_userprofile"}}, {"model": "auth.permission", "pk": 24, "fields": {"name": "Can view user profile", "content_type": 6, "codename": "view_userprofile"}}, {"model": "auth.permission", "pk": 25, "fields": {"name": "Can add address", "content_type": 7, "codename": "add_address"}}, {"model": "auth.permission", "pk": 26, "fields": {"name": "Can change address", "content_type": 7, "codename": "change_address"}}, {"model": "auth.permission", "pk": 27, "fields": {"name": "Can delete address", "content_type": 7, "codename": "delete_address"}}, {"model": "auth.permission", "pk": 28, "fields": {"name": "Can view address", "content_type": 7, "codename": "view_address"}}, {"model": "auth.permission", "pk": 29, "fields": {"name": "Can add cart", "content_type": 9, "codename": "add_cart"}}, {"model": "auth.permission", "pk": 30, "fields": {"name": "Can change cart", "content_type": 9, "codename": "change_cart"}}, {"model": "auth.permission", "pk": 31, "fields": {"name": "Can delete cart", "content_type": 9, "codename": "delete_cart"}}, {"model": "auth.permission", "pk": 32, "fields": {"name": "Can view cart", "content_type": 9, "codename": "view_cart"}}, {"model": "auth.permission", "pk": 33, "fields": {"name": "Can add cart item", "content_type": 10, "codename": "add_cartitem"}}, {"model": "auth.permission", "pk": 34, "fields": {"name": "Can change cart item", "content_type": 10, "codename": "change_cartitem"}}, {"model": "auth.permission", "pk": 35, "fields": {"name": "Can delete cart item", "content_type": 10, "codename": "delete_cartitem"}}, {"model": "auth.permission", "pk": 36, "fields": {"name": "Can view cart item", "content_type": 10, "codename": "view_cartitem"}}, {"model": "auth.permission", "pk": 37, "fields": {"name": "Can add category", "content_type": 11, "codename": "add_category"}}, {"model": "auth.permission", "pk": 38, "fields": {"name": "Can change category", "content_type": 11, "codename": "change_category"}}, {"model": "auth.permission", "pk": 39, "fields": {"name": "Can delete category", "content_type": 11, "codename": "delete_category"}}, {"model": "auth.permission", "pk": 40, "fields": {"name": "Can view category", "content_type": 11, "codename": "view_category"}}, {"model": "auth.permission", "pk": 41, "fields": {"name": "Can add product", "content_type": 13, "codename": "add_product"}}, {"model": "auth.permission", "pk": 42, "fields": {"name": "Can change product", "content_type": 13, "codename": "change_product"}}, {"model": "auth.permission", "pk": 43, "fields": {"name": "Can delete product", "content_type": 13, "codename": "delete_product"}}, {"model": "auth.permission", "pk": 44, "fields": {"name": "Can view product", "content_type": 13, "codename": "view_product"}}, {"model": "auth.permission", "pk": 45, "fields": {"name": "Can add product image", "content_type": 14, "codename": "add_productimage"}}, {"model": "auth.permission", "pk": 46, "fields": {"name": "Can change product image", "content_type": 14, "codename": "change_productimage"}}, {"model": "auth.permission", "pk": 47, "fields": {"name": "Can delete product image", "content_type": 14, "codename": "delete_productimage"}}, {"model": "auth.permission", "pk": 48, "fields": {"name": "Can view product image", "content_type": 14, "codename": "view_productimage"}}, {"model": "auth.permission", "pk": 49, "fields": {"name": "Can add tags", "content_type": 16, "codename": "add_tags"}}, {"model": "auth.permission", "pk": 50, "fields": {"name": "Can change tags", "content_type": 16, "codename": "change_tags"}}, {"model": "auth.permission", "pk": 51, "fields": {"name": "Can delete tags", "content_type": 16, "codename": "delete_tags"}}, {"model": "auth.permission", "pk": 52, "fields": {"name": "Can view tags", "content_type": 16, "codename": "view_tags"}}, {"model": "auth.permission", "pk": 53, "fields": {"name": "Can add wishlist", "content_type": 17, "codename": "add_wishlist"}}, {"model": "auth.permission", "pk": 54, "fields": {"name": "Can change wishlist", "content_type": 17, "codename": "change_wishlist"}}, {"model": "auth.permission", "pk": 55, "fields": {"name": "Can delete wishlist", "content_type": 17, "codename": "delete_wishlist"}}, {"model": "auth.permission", "pk": 56, "fields": {"name": "Can view wishlist", "content_type": 17, "codename": "view_wishlist"}}, {"model": "auth.permission", "pk": 57, "fields": {"name": "Can add review", "content_type": 18, "codename": "add_review"}}, {"model": "auth.permission", "pk": 58, "fields": {"name": "Can change review", "content_type": 18, "codename": "change_review"}}, {"model": "auth.permission", "pk": 59, "fields": {"name": "Can delete review", "content_type": 18, "codename": "delete_review"}}, {"model": "auth.permission", "pk": 60, "fields": {"name": "Can view review", "content_type": 18, "codename": "view_review"}}, {"model": "auth.permission", "pk": 61, "fields": {"name": "Can add wishlist_model", "content_type": 17, "codename": "add_wishlist_model"}}, {"model": "auth.permission", "pk": 62, "fields": {"name": "Can change wishlist_model", "content_type": 17, "codename": "change_wishlist_model"}}, {"model": "auth.permission", "pk": 63, "fields": {"name": "Can delete wishlist_model", "content_type": 17, "codename": "delete_wishlist_model"}}, {"model": "auth.permission", "pk": 64, "fields": {"name": "Can view wishlist_model", "content_type": 17, "codename": "view_wishlist_model"}}, {"model": "auth.permission", "pk": 65, "fields": {"name": "Can add wishlist", "content_type": 20, "codename": "add_wishlist"}}, {"model": "auth.permission", "pk": 66, "fields": {"name": "Can change wishlist", "content_type": 20, "codename": "change_wishlist"}}, {"model": "auth.permission", "pk": 67, "fields": {"name": "Can delete wishlist", "content_type": 20, "codename": "delete_wishlist"}}, {"model": "auth.permission", "pk": 68, "fields": {"name": "Can view wishlist", "content_type": 20, "codename": "view_wishlist"}}, {"model": "auth.permission", "pk": 69, "fields": {"name": "Can add wishlist item", "content_type": 21, "codename": "add_wishlistitem"}}, {"model": "auth.permission", "pk": 70, "fields": {"name": "Can change wishlist item", "content_type": 21, "codename": "change_wishlistitem"}}, {"model": "auth.permission", "pk": 71, "fields": {"name": "Can delete wishlist item", "content_type": 21, "codename": "delete_wishlistitem"}}, {"model": "auth.permission", "pk": 72, "fields": {"name": "Can view wishlist item", "content_type": 21, "codename": "view_wishlistitem"}}, {"model": "auth.permission", "pk": 73, "fields": {"name": "Can add order", "content_type": 22, "codename": "add_order"}}, {"model": "auth.permission", "pk": 74, "fields": {"name": "Can change order", "content_type": 22, "codename": "change_order"}}, {"model": "auth.permission", "pk": 75, "fields": {"name": "Can delete order", "content_type": 22, "codename": "delete_order"}}, {"model": "auth.permission", "pk": 76, "fields": {"name": "Can view order", "content_type": 22, "codename": "view_order"}}, {"model": "auth.permission", "pk": 77, "fields": {"name": "Can add order item", "content_type": 23, "codename": "add_orderitem"}}, {"model": "auth.permission", "pk": 78, "fields": {"name": "Can change order item", "content_type": 23, "codename": "change_orderitem"}}, {"model": "auth.permission", "pk": 79, "fields": {"name": "Can delete order item", "content_type": 23, "codename": "delete_orderitem"}}, {"model": "auth.permission", "pk": 80, "fields": {"name": "Can view order item", "content_type": 23, "codename": "view_orderitem"}}, {"model": "auth.permission", "pk": 81, "fields": {"name": "Can add item", "content_type": 24, "codename": "add_item"}}, {"model": "auth.permission", "pk": 82, "fields": {"name": "Can change item", "content_type": 24, "codename": "change_item"}}, {"model": "auth.permission", "pk": 83, "fields": {"name": "Can delete item", "content_type": 24, "codename": "delete_item"}}, {"model": "auth.permission", "pk": 84, "fields": {"name": "Can view item", "content_type": 24, "codename": "view_item"}}, {"model": "auth.permission", "pk": 85, "fields": {"name": "Can add cart", "content_type": 25, "codename": "add_cart"}}, {"model": "auth.permission", "pk": 86, "fields": {"name": "Can change cart", "content_type": 25, "codename": "change_cart"}}, {"model": "auth.permission", "pk": 87, "fields": {"name": "Can delete cart", "content_type": 25, "codename": "delete_cart"}}, {"model": "auth.permission", "pk": 88, "fields": {"name": "Can view cart", "content_type": 25, "codename": "view_cart"}}, {"model": "auth.permission", "pk": 89, "fields": {"name": "Can add cart item", "content_type": 26, "codename": "add_cartitem"}}, {"model": "auth.permission", "pk": 90, "fields": {"name": "Can change cart item", "content_type": 26, "codename": "change_cartitem"}}, {"model": "auth.permission", "pk": 91, "fields": {"name": "Can delete cart item", "content_type": 26, "codename": "delete_cartitem"}}, {"model": "auth.permission", "pk": 92, "fields": {"name": "Can view cart item", "content_type": 26, "codename": "view_cartitem"}}, {"model": "auth.permission", "pk": 93, "fields": {"name": "Can add address", "content_type": 27, "codename": "add_address"}}, {"model": "auth.permission", "pk": 94, "fields": {"name": "Can change address", "content_type": 27, "codename": "change_address"}}, {"model": "auth.permission", "pk": 95, "fields": {"name": "Can delete address", "content_type": 27, "codename": "delete_address"}}, {"model": "auth.permission", "pk": 96, "fields": {"name": "Can view address", "content_type": 27, "codename": "view_address"}}, {"model": "auth.permission", "pk": 97, "fields": {"name": "Can add task result", "content_type": 28, "codename": "add_taskresult"}}, {"model": "auth.permission", "pk": 98, "fields": {"name": "Can change task result", "content_type": 28, "codename": "change_taskresult"}}, {"model": "auth.permission", "pk": 99, "fields": {"name": "Can delete task result", "content_type": 28, "codename": "delete_taskresult"}}, {"model": "auth.permission", "pk": 100, "fields": {"name": "Can view task result", "content_type": 28, "codename": "view_taskresult"}}, {"model": "auth.permission", "pk": 101, "fields": {"name": "Can add chord counter", "content_type": 29, "codename": "add_chordcounter"}}, {"model": "auth.permission", "pk": 102, "fields": {"name": "Can change chord counter", "content_type": 29, "codename": "change_chordcounter"}}, {"model": "auth.permission", "pk": 103, "fields": {"name": "Can delete chord counter", "content_type": 29, "codename": "delete_chordcounter"}}, {"model": "auth.permission", "pk": 104, "fields": {"name": "Can view chord counter", "content_type": 29, "codename": "view_chordcounter"}}, {"model": "auth.permission", "pk": 105, "fields": {"name": "Can add group result", "content_type": 30, "codename": "add_groupresult"}}, {"model": "auth.permission", "pk": 106, "fields": {"name": "Can change group result", "content_type": 30, "codename": "change_groupresult"}}, {"model": "auth.permission", "pk": 107, "fields": {"name": "Can delete group result", "content_type": 30, "codename": "delete_groupresult"}}, {"model": "auth.permission", "pk": 108, "fields": {"name": "Can view group result", "content_type": 30, "codename": "view_groupresult"}}, {"model": "contenttypes.contenttype", "pk": 1, "fields": {"app_label": "admin", "model": "logentry"}}, {"model": "contenttypes.contenttype", "pk": 2, "fields": {"app_label": "auth", "model": "permission"}}, {"model": "contenttypes.contenttype", "pk": 3, "fields": {"app_label": "auth", "model": "group"}}, {"model": "contenttypes.contenttype", "pk": 4, "fields": {"app_label": "contenttypes", "model": "contenttype"}}, {"model": "contenttypes.contenttype", "pk": 5, "fields": {"app_label": "sessions", "model": "session"}}, {"model": "contenttypes.contenttype", "pk": 6, "fields": {"app_label": "users", "model": "userprofile"}}, {"model": "contenttypes.contenttype", "pk": 7, "fields": {"app_label": "product", "model": "address"}}, {"model": "contenttypes.contenttype", "pk": 8, "fields": {"app_label": "product", "model": "addresstranslation"}}, {"model": "contenttypes.contenttype", "pk": 9, "fields": {"app_label": "product", "model": "cart"}}, {"model": "contenttypes.contenttype", "pk": 10, "fields": {"app_label": "product", "model": "cartitem"}}, {"model": "contenttypes.contenttype", "pk": 11, "fields": {"app_label": "product", "model": "category"}}, {"model": "contenttypes.contenttype", "pk": 12, "fields": {"app_label": "product", "model": "categorytranslation"}}, {"model": "contenttypes.contenttype", "pk": 13, "fields": {"app_label": "product", "model": "product"}}, {"model": "contenttypes.contenttype", "pk": 14, "fields": {"app_label": "product", "model": "productimage"}}, {"model": "contenttypes.contenttype", "pk": 15, "fields": {"app_label": "product", "model": "producttranslation"}}, {"model": "contenttypes.contenttype", "pk": 16, "fields": {"app_label": "product", "model": "tags"}}, {"model": "contenttypes.contenttype", "pk": 17, "fields": {"app_label": "product", "model": "wishlist_model"}}, {"model": "contenttypes.contenttype", "pk": 18, "fields": {"app_label": "product", "model": "review"}}, {"model": "contenttypes.contenttype", "pk": 19, "fields": {"app_label": "product", "model": "reviewtranslation"}}, {"model": "contenttypes.contenttype", "pk": 20, "fields": {"app_label": "product", "model": "wishlist"}}, {"model": "contenttypes.contenttype", "pk": 21, "fields": {"app_label": "product", "model": "wishlistitem"}}, {"model": "contenttypes.contenttype", "pk": 22, "fields": {"app_label": "shoppingcart", "model": "order"}}, {"model": "contenttypes.contenttype", "pk": 23, "fields": {"app_label": "shoppingcart", "model": "orderitem"}}, {"model": "contenttypes.contenttype", "pk": 24, "fields": {"app_label": "shoppingcart", "model": "item"}}, {"model": "contenttypes.contenttype", "pk": 25, "fields": {"app_label": "shoppingcart", "model": "cart"}}, {"model": "contenttypes.contenttype", "pk": 26, "fields": {"app_label": "shoppingcart", "model": "cartitem"}}, {"model": "contenttypes.contenttype", "pk": 27, "fields": {"app_label": "shoppingcart", "model": "address"}}, {"model": "contenttypes.contenttype", "pk": 28, "fields": {"app_label": "django_celery_results", "model": "taskresult"}}, {"model": "contenttypes.contenttype", "pk": 29, "fields": {"app_label": "django_celery_results", "model": "chordcounter"}}, {"model": "contenttypes.contenttype", "pk": 30, "fields": {"app_label": "django_celery_results", "model": "groupresult"}}, {"model": "sessions.session", "pk": "0frav19qh6bylr5nsxlqhh1bzqwsfm59", "fields": {"session_data": ".eJxVzDsOwjAQRdG9uCaWf-OxKelZQzRjT0gAJVI-FWLvECkF1O-e91ItbWvfbovM7VDVWTkfGbLlpjjomoAZmowiTWACV7LnhEadfhlTeci423qn8TbpMo3rPLDeE32si75OVZ6Xo_076Gnpv5qomGjFMWYBEWTnQXwim2rAGslHSZASYocpgmU2lazJXUjeW1tAvT_CAkBu:1r2QgC:X4oCeuvKUnv5m00WDG6wcogvCGBy8R5gJrMqE8Uug0U", "expire_date": "2023-11-27T06:44:16.666Z"}}, {"model": "sessions.session", "pk": "liphpgkrtnakyveym0tpsbml2o7e0kcl", "fields": {"session_data": ".eJxVzDsOwjAQRdG9uCaWf-OxKelZQzRjT0gAJVI-FWLvECkF1O-e91ItbWvfbovM7VDVWTkfGbLlpjjomoAZmowiTWACV7LnhEadfhlTeci423qn8TbpMo3rPLDeE32si75OVZ6Xo_076Gnpv5qomGjFMWYBEWTnQXwim2rAGslHSZASYocpgmU2lazJXUjeW1tAvT_CAkBu:1qtMmW:AzrbmyqovZvbOPdmDPOGB1yMFCZRVPkrEMj0sAW-A98", "expire_date": "2023-11-02T06:45:20.244Z"}}, {"model": "sessions.session", "pk": "pv6pvx69g3hzw28j7smllkrcrv2qml47", "fields": {"session_data": ".eJxVzDsOwjAQRdG9uCaWf-OxKelZQzRjT0gAJVI-FWLvECkF1O-e91ItbWvfbovM7VDVWTkfGbLlpjjomoAZmowiTWACV7LnhEadfhlTeci423qn8TbpMo3rPLDeE32si75OVZ6Xo_076Gnpv5qomGjFMWYBEWTnQXwim2rAGslHSZASYocpgmU2lazJXUjeW1tAvT_CAkBu:1r2R5s:I8EMcXoLsMVNpK-UvHWElHTOYt9AVcfRBx5y71kjMVw", "expire_date": "2023-11-27T07:10:48.902Z"}}, {"model": "sessions.session", "pk": "sew0ff8k35e6vpyvel104l7rf87kkwy3", "fields": {"session_data": ".eJxVjDsOgzAMQO-SuSCS4Dhh7N4zIDsxnxaBFGCqeveCxNDO7_NWLe3b0O6r5HZMqlHGOoaguYgGuqLGAEVAkaJmAhODZY-Vuv1mTPEl89mmJ839UsZl3vLI5amUF13Lx5Jkul_u32CgdThqolg5LYYxCIggGwtiPWmfakyOrBMP3iN26B1o5iqRrkJXe2u1jnBMt6XvJ2nXMQlTVs2Wd_l8AaQESJM:1rAlYa:e1uMoQRW4gQv62c8V7ST3FAr3WIdlVfl-4iW9a8AthA", "expire_date": "2023-12-20T06:38:52.411Z"}}, {"model": "sessions.session", "pk": "vp8gzlwg1x4w3ketkhyyrmim8e3xv95d", "fields": {"session_data": ".eJxVzDsOwjAQRdG9uCaWf-OxKelZQzRjT0gAJVI-FWLvECkF1O-e91ItbWvfbovM7VDVWTkfGbLlpjjomoAZmowiTWACV7LnhEadfhlTeci423qn8TbpMo3rPLDeE32si75OVZ6Xo_076Gnpv5qomGjFMWYBEWTnQXwim2rAGslHSZASYocpgmU2lazJXUjeW1tAvT_CAkBu:1qzAy4:YgmMIdhRcXqvTn0zy7fY6-0hs5ojY-88syUvJ5mXpS4", "expire_date": "2023-11-18T07:21:16.447Z"}}, {"model": "sessions.session", "pk": "wjt4nl1l55y5zyeqp1mqci3gzr1465ax", "fields": {"session_data": ".eJxVzDsOwjAQRdG9uCaWf-OxKelZQzRjT0gAJVI-FWLvECkF1O-e91ItbWvfbovM7VDVWTkfGbLlpjjomoAZmowiTWACV7LnhEadfhlTeci423qn8TbpMo3rPLDeE32si75OVZ6Xo_076Gnpv5qomGjFMWYBEWTnQXwim2rAGslHSZASYocpgmU2lazJXUjeW1tAvT_CAkBu:1rBX5j:8vhBm79Sx9PtN4aq8_Ij53L7FL11rcsvrG8cgp2cbfU", "expire_date": "2023-12-22T09:24:15.830Z"}}, {"model": "users.userprofile", "pk": "236b591b-c25f-4795-97ee-4ba52c93b870", "fields": {"password": "pbkdf2_sha256$600000$DKzxl7Zfxg7qtXfWHbdx79$qrADz3Wssx3A+HbhvGMNOrLhQhEWfvOH9w3pil5ggd4=", "last_login": "2023-12-08T09:24:15.804Z", "is_superuser": true, "email": "ziabags944@gmail.com", "username": "zia", "is_active": true, "is_staff": true, "groups": [], "user_permissions": []}}, {"model": "users.userprofile", "pk": "433e94a5-4211-48d5-954e-5bf773a4ac77", "fields": {"password": "pbkdf2_sha256$600000$crONpYgrXagvRJjTaFes2c$f10V+qU07DwGaw4WEisJLa7VQhoozMylg9AN2PBilxo=", "last_login": "2023-12-08T04:42:42.039Z", "is_superuser": false, "email": "amruthamurali944@gmail.com", "username": "amrutha", "is_active": true, "is_staff": false, "groups": [], "user_permissions": []}}, {"model": "users.userprofile", "pk": "8c0d134d-bb59-4329-a9ec-7b0a8e324c61", "fields": {"password": "pbkdf2_sha256$600000$hRHzFOs2ULmQkLrtYQqroG$NQR1S6keFNbqaNsU7MyNw22tSvrXssaLa9AbhjaAt9U=", "last_login": "2023-12-07T05:47:03.559Z", "is_superuser": false, "email": "fayiz@gmail.com", "username": "fayiz", "is_active": true, "is_staff": false, "groups": [], "user_permissions": []}}, {"model": "users.userprofile", "pk": "8e4e2ea3-c1ac-49d8-ac78-ad8445daea64", "fields": {"password": "pbkdf2_sha256$600000$FMIn8DXKRl4G2t8GcOKCsq$yEYdUs6Zi79wSMQJMua/zGQ/mSoSL4GvK81fujW6XN4=", "last_login": "2023-12-05T11:50:50.384Z", "is_superuser": false, "email": "abhishekpclt1999@gmail.com", "username": "abhishek", "is_active": true, "is_staff": false, "groups": [], "user_permissions": []}}, {"model": "shoppingcart.cart", "pk": 5, "fields": {"user": "433e94a5-4211-48d5-954e-5bf773a4ac77", "created_at": "2023-11-24T11:00:23.976Z", "total": "25000.00"}}, {"model": "shoppingcart.cart", "pk": 6, "fields": {"user": "8e4e2ea3-c1ac-49d8-ac78-ad8445daea64", "created_at": "2023-12-05T11:25:05.685Z", "total": "8000.00"}}, {"model": "shoppingcart.cart", "pk": 7, "fields": {"user": "8c0d134d-bb59-4329-a9ec-7b0a8e324c61", "created_at": "2023-12-05T12:14:17.188Z", "total": "11000.00"}}, {"model": "shoppingcart.cart", "pk": 8, "fields": {"user": "236b591b-c25f-4795-97ee-4ba52c93b870", "created_at": "2023-12-08T09:31:02.560Z", "total": "2000.00"}}, {"model": "shoppingcart.cartitem", "pk": 32, "fields": {"cart": 6, "quantity": 2, "product": "484a921d-f4c9-4fcf-a5aa-e708c8829dab", "total": "8000.00"}}, {"model": "shoppingcart.cartitem", "pk": 33, "fields": {"cart": 7, "quantity": 2, "product": "05a8c19d-db3a-438a-a7cd-ade60d215eff", "total": "5000.00"}}, {"model": "shoppingcart.cartitem", "pk": 37, "fields": {"cart": 7, "quantity": 2, "product": "0f660924-4860-4b60-9360-04ef19aad6eb", "total": "6000.00"}}, {"model": "shoppingcart.cartitem", "pk": 38, "fields": {"cart": 5, "quantity": 7, "product": "a8400d1e-46e6-4b10-afd4-456abf607915", "total": "10500.00"}}, {"model": "shoppingcart.cartitem", "pk": 49, "fields": {"cart": 8, "quantity": 1, "product": "36925279-cce0-4f03-92f4-8a0a721068e9", "total": "2000.00"}}, {"model": "shoppingcart.order", "pk": 74, "fields": {"total_price": "20500.00", "user": "433e94a5-4211-48d5-954e-5bf773a4ac77", "created_at": "2023-12-06T05:34:16.250Z", "updated_at": "2023-12-06T05:42:35.389Z", "status": "Delivered", "shipping_address": "5fe2a620-8a4e-48d0-aa6d-9dd942b65cda", "payment_mode": "cash_on_delivery"}}, {"model": "shoppingcart.order", "pk": 75, "fields": {"total_price": "31500.00", "user": "433e94a5-4211-48d5-954e-5bf773a4ac77", "created_at": "2023-12-06T06:35:27.345Z", "updated_at": "2023-12-06T06:41:24.082Z", "status": "Shipped", "shipping_address": "c8761932-d6ed-46f3-89c3-e976f371a34e", "payment_mode": "cash_on_delivery"}}, {"model": "shoppingcart.order", "pk": 76, "fields": {"total_price": "35500.00", "user": "433e94a5-4211-48d5-954e-5bf773a4ac77", "created_at": "2023-12-06T09:56:21.787Z", "updated_at": "2023-12-06T09:56:21.787Z", "status": "Placed", "shipping_address": "decc01e9-bde7-444c-92f3-146d48ac39c9", "payment_mode": "cash_on_delivery"}}, {"model": "shoppingcart.order", "pk": 77, "fields": {"total_price": "25000.00", "user": "433e94a5-4211-48d5-954e-5bf773a4ac77", "created_at": "2023-12-06T10:23:17.104Z", "updated_at": "2023-12-06T10:23:17.104Z", "status": "Placed", "shipping_address": "decc01e9-bde7-444c-92f3-146d48ac39c9", "payment_mode": "razorpay"}}, {"model": "shoppingcart.order", "pk": 78, "fields": {"total_price": "25000.00", "user": "433e94a5-4211-48d5-954e-5bf773a4ac77", "created_at": "2023-12-07T04:47:07.935Z", "updated_at": "2023-12-07T04:47:07.935Z", "status": "Placed", "shipping_address": "decc01e9-bde7-444c-92f3-146d48ac39c9", "payment_mode": "cash_on_delivery"}}, {"model": "shoppingcart.order", "pk": 79, "fields": {"total_price": "25000.00", "user": "433e94a5-4211-48d5-954e-5bf773a4ac77", "created_at": "2023-12-07T04:48:05.692Z", "updated_at": "2023-12-07T04:48:05.692Z", "status": "Placed", "shipping_address": "decc01e9-bde7-444c-92f3-146d48ac39c9", "payment_mode": "cash_on_delivery"}}, {"model": "shoppingcart.order", "pk": 80, "fields": {"total_price": "25000.00", "user": "433e94a5-4211-48d5-954e-5bf773a4ac77", "created_at": "2023-12-07T04:48:53.295Z", "updated_at": "2023-12-07T04:48:53.295Z", "status": "Placed", "shipping_address": "decc01e9-bde7-444c-92f3-146d48ac39c9", "payment_mode": "cash_on_delivery"}}, {"model": "shoppingcart.order", "pk": 81, "fields": {"total_price": "11000.00", "user": "8c0d134d-bb59-4329-a9ec-7b0a8e324c61", "created_at": "2023-12-07T05:48:30.569Z", "updated_at": "2023-12-07T05:48:30.569Z", "status": "Placed", "shipping_address": "fa655874-269d-4da0-9403-6b9087c957af", "payment_mode": "razorpay"}}, {"model": "shoppingcart.order", "pk": 82, "fields": {"total_price": "11000.00", "user": "8c0d134d-bb59-4329-a9ec-7b0a8e324c61", "created_at": "2023-12-07T06:07:26.763Z", "updated_at": "2023-12-07T06:07:26.763Z", "status": "Placed", "shipping_address": "fa655874-269d-4da0-9403-6b9087c957af", "payment_mode": "cash_on_delivery"}}, {"model": "shoppingcart.order", "pk": 83, "fields": {"total_price": "11000.00", "user": "8c0d134d-bb59-4329-a9ec-7b0a8e324c61", "created_at": "2023-12-07T06:07:58.221Z", "updated_at": "2023-12-07T06:07:58.221Z", "status": "Placed", "shipping_address": "fa655874-269d-4da0-9403-6b9087c957af", "payment_mode": "cash_on_delivery"}}, {"model": "shoppingcart.order", "pk": 84, "fields": {"total_price": "11000.00", "user": "8c0d134d-bb59-4329-a9ec-7b0a8e324c61", "created_at": "2023-12-07T06:29:30.890Z", "updated_at": "2023-12-07T06:29:30.890Z", "status": "Placed", "shipping_address": "fa655874-269d-4da0-9403-6b9087c957af", "payment_mode": "cash_on_delivery"}}, {"model": "shoppingcart.order", "pk": 85, "fields": {"total_price": "11000.00", "user": "8c0d134d-bb59-4329-a9ec-7b0a8e324c61", "created_at": "2023-12-07T06:37:08.912Z", "updated_at": "2023-12-07T06:37:08.912Z", "status": "Placed", "shipping_address": "fa655874-269d-4da0-9403-6b9087c957af", "payment_mode": "cash_on_delivery"}}, {"model": "shoppingcart.order", "pk": 86, "fields": {"total_price": "11000.00", "user": "8c0d134d-bb59-4329-a9ec-7b0a8e324c61", "created_at": "2023-12-07T06:41:27.261Z", "updated_at": "2023-12-07T06:41:27.261Z", "status": "Placed", "shipping_address": "fa655874-269d-4da0-9403-6b9087c957af", "payment_mode": "cash_on_delivery"}}, {"model": "shoppingcart.order", "pk": 87, "fields": {"total_price": "11000.00", "user": "8c0d134d-bb59-4329-a9ec-7b0a8e324c61", "created_at": "2023-12-07T06:42:23.960Z", "updated_at": "2023-12-07T06:42:23.960Z", "status": "Placed", "shipping_address": "fa655874-269d-4da0-9403-6b9087c957af", "payment_mode": "cash_on_delivery"}}, {"model": "shoppingcart.order", "pk": 88, "fields": {"total_price": "11000.00", "user": "8c0d134d-bb59-4329-a9ec-7b0a8e324c61", "created_at": "2023-12-07T06:42:32.586Z", "updated_at": "2023-12-07T06:42:32.586Z", "status": "Placed", "shipping_address": "fa655874-269d-4da0-9403-6b9087c957af", "payment_mode": "cash_on_delivery"}}, {"model": "shoppingcart.order", "pk": 89, "fields": {"total_price": "6000.00", "user": "236b591b-c25f-4795-97ee-4ba52c93b870", "created_at": "2023-12-08T09:47:31.826Z", "updated_at": "2023-12-08T09:47:31.826Z", "status": "Placed", "shipping_address": "5fe2a620-8a4e-48d0-aa6d-9dd942b65cda", "payment_mode": "cash_on_delivery"}}, {"model": "shoppingcart.order", "pk": 90, "fields": {"total_price": "5750.00", "user": "236b591b-c25f-4795-97ee-4ba52c93b870", "created_at": "2023-12-08T09:50:36.934Z", "updated_at": "2023-12-08T09:50:36.934Z", "status": "Placed", "shipping_address": "5fe2a620-8a4e-48d0-aa6d-9dd942b65cda", "payment_mode": "cash_on_delivery"}}, {"model": "shoppingcart.order", "pk": 91, "fields": {"total_price": "5500.00", "user": "236b591b-c25f-4795-97ee-4ba52c93b870", "created_at": "2023-12-08T10:12:56.548Z", "updated_at": "2023-12-08T12:38:42.013Z", "status": "Packed", "shipping_address": "5fe2a620-8a4e-48d0-aa6d-9dd942b65cda", "payment_mode": "cash_on_delivery"}}, {"model": "shoppingcart.orderitem", "pk": 142, "fields": {"order": 74, "product": "36925279-cce0-4f03-92f4-8a0a721068e9", "quantity": 2, "price": "2000.00"}}, {"model": "shoppingcart.orderitem", "pk": 143, "fields": {"order": 74, "product": "6ccd07b3-86c8-41ee-9026-0766df383a9f", "quantity": 1, "price": "1500.00"}}, {"model": "shoppingcart.orderitem", "pk": 144, "fields": {"order": 74, "product": "c89d41d0-9c46-4781-b097-985e7c06e74b", "quantity": 6, "price": "2500.00"}}, {"model": "shoppingcart.orderitem", "pk": 145, "fields": {"order": 75, "product": "2f566195-e1c8-42d9-85fe-668b70b4ce9a", "quantity": 2, "price": "2500.00"}}, {"model": "shoppingcart.orderitem", "pk": 146, "fields": {"order": 75, "product": "decc8384-8895-4beb-bb14-c1592ff03c02", "quantity": 1, "price": "2500.00"}}, {"model": "shoppingcart.orderitem", "pk": 147, "fields": {"order": 75, "product": "484a921d-f4c9-4fcf-a5aa-e708c8829dab", "quantity": 6, "price": "4000.00"}}, {"model": "shoppingcart.orderitem", "pk": 148, "fields": {"order": 76, "product": "2f566195-e1c8-42d9-85fe-668b70b4ce9a", "quantity": 2, "price": "2500.00"}}, {"model": "shoppingcart.orderitem", "pk": 149, "fields": {"order": 76, "product": "decc8384-8895-4beb-bb14-c1592ff03c02", "quantity": 1, "price": "2500.00"}}, {"model": "shoppingcart.orderitem", "pk": 150, "fields": {"order": 76, "product": "484a921d-f4c9-4fcf-a5aa-e708c8829dab", "quantity": 7, "price": "4000.00"}}, {"model": "shoppingcart.orderitem", "pk": 151, "fields": {"order": 77, "product": "ea99c0f7-9f0b-470e-a421-cfeff75b795d", "quantity": 5, "price": "5000.00"}}, {"model": "shoppingcart.orderitem", "pk": 152, "fields": {"order": 78, "product": "ea99c0f7-9f0b-470e-a421-cfeff75b795d", "quantity": 5, "price": "5000.00"}}, {"model": "shoppingcart.orderitem", "pk": 153, "fields": {"order": 79, "product": "ea99c0f7-9f0b-470e-a421-cfeff75b795d", "quantity": 5, "price": "5000.00"}}, {"model": "shoppingcart.orderitem", "pk": 154, "fields": {"order": 80, "product": "ea99c0f7-9f0b-470e-a421-cfeff75b795d", "quantity": 5, "price": "5000.00"}}, {"model": "shoppingcart.orderitem", "pk": 155, "fields": {"order": 81, "product": "05a8c19d-db3a-438a-a7cd-ade60d215eff", "quantity": 2, "price": "2500.00"}}, {"model": "shoppingcart.orderitem", "pk": 156, "fields": {"order": 81, "product": "0f660924-4860-4b60-9360-04ef19aad6eb", "quantity": 2, "price": "3000.00"}}, {"model": "shoppingcart.orderitem", "pk": 157, "fields": {"order": 82, "product": "05a8c19d-db3a-438a-a7cd-ade60d215eff", "quantity": 2, "price": "2500.00"}}, {"model": "shoppingcart.orderitem", "pk": 158, "fields": {"order": 82, "product": "0f660924-4860-4b60-9360-04ef19aad6eb", "quantity": 2, "price": "3000.00"}}, {"model": "shoppingcart.orderitem", "pk": 159, "fields": {"order": 83, "product": "05a8c19d-db3a-438a-a7cd-ade60d215eff", "quantity": 2, "price": "2500.00"}}, {"model": "shoppingcart.orderitem", "pk": 160, "fields": {"order": 83, "product": "0f660924-4860-4b60-9360-04ef19aad6eb", "quantity": 2, "price": "3000.00"}}, {"model": "shoppingcart.orderitem", "pk": 161, "fields": {"order": 84, "product": "05a8c19d-db3a-438a-a7cd-ade60d215eff", "quantity": 2, "price": "2500.00"}}, {"model": "shoppingcart.orderitem", "pk": 162, "fields": {"order": 84, "product": "0f660924-4860-4b60-9360-04ef19aad6eb", "quantity": 2, "price": "3000.00"}}, {"model": "shoppingcart.orderitem", "pk": 163, "fields": {"order": 85, "product": "05a8c19d-db3a-438a-a7cd-ade60d215eff", "quantity": 2, "price": "2500.00"}}, {"model": "shoppingcart.orderitem", "pk": 164, "fields": {"order": 85, "product": "0f660924-4860-4b60-9360-04ef19aad6eb", "quantity": 2, "price": "3000.00"}}, {"model": "shoppingcart.orderitem", "pk": 165, "fields": {"order": 86, "product": "05a8c19d-db3a-438a-a7cd-ade60d215eff", "quantity": 2, "price": "2500.00"}}, {"model": "shoppingcart.orderitem", "pk": 166, "fields": {"order": 86, "product": "0f660924-4860-4b60-9360-04ef19aad6eb", "quantity": 2, "price": "3000.00"}}, {"model": "shoppingcart.orderitem", "pk": 167, "fields": {"order": 87, "product": "05a8c19d-db3a-438a-a7cd-ade60d215eff", "quantity": 2, "price": "2500.00"}}, {"model": "shoppingcart.orderitem", "pk": 168, "fields": {"order": 87, "product": "0f660924-4860-4b60-9360-04ef19aad6eb", "quantity": 2, "price": "3000.00"}}, {"model": "shoppingcart.orderitem", "pk": 169, "fields": {"order": 88, "product": "05a8c19d-db3a-438a-a7cd-ade60d215eff", "quantity": 2, "price": "2500.00"}}, {"model": "shoppingcart.orderitem", "pk": 170, "fields": {"order": 88, "product": "0f660924-4860-4b60-9360-04ef19aad6eb", "quantity": 2, "price": "3000.00"}}, {"model": "shoppingcart.orderitem", "pk": 171, "fields": {"order": 89, "product": "36925279-cce0-4f03-92f4-8a0a721068e9", "quantity": 3, "price": "2000.00"}}, {"model": "shoppingcart.orderitem", "pk": 172, "fields": {"order": 90, "product": "36925279-cce0-4f03-92f4-8a0a721068e9", "quantity": 2, "price": "2000.00"}}, {"model": "shoppingcart.orderitem", "pk": 173, "fields": {"order": 90, "product": "e9da41ad-355b-4dea-aa9a-cc90be4054fe", "quantity": 1, "price": "1750.00"}}, {"model": "shoppingcart.orderitem", "pk": 174, "fields": {"order": 91, "product": "36925279-cce0-4f03-92f4-8a0a721068e9", "quantity": 2, "price": "2000.00"}}, {"model": "shoppingcart.orderitem", "pk": 175, "fields": {"order": 91, "product": "a8400d1e-46e6-4b10-afd4-456abf607915", "quantity": 1, "price": "1500.00"}}, {"model": "shoppingcart.address", "pk": "309a819c-b765-45ff-bd35-7c5ca110bcf4", "fields": {"user": "8e4e2ea3-c1ac-49d8-ac78-ad8445daea64", "name": "vjsjhvV", "phone_number": "08590029995", "street_address": "arikulam", "city": "palakasd", "postal_code": "673620", "state": "kerala", "created_at": "2023-12-05T11:25:30.684Z"}}, {"model": "shoppingcart.address", "pk": "4a6a64b0-2eec-47a5-a1c8-955ea7d69473", "fields": {"user": "236b591b-c25f-4795-97ee-4ba52c93b870", "name": "amrutha murali", "phone_number": "8073265899", "street_address": "chevayur", "city": "kozhikode", "postal_code": "673017", "state": "kerala", "created_at": "2023-11-16T04:56:59.975Z"}}, {"model": "shoppingcart.address", "pk": "5fe2a620-8a4e-48d0-aa6d-9dd942b65cda", "fields": {"user": "236b591b-c25f-4795-97ee-4ba52c93b870", "name": "munavarali", "phone_number": "7956430886", "street_address": "calicut university", "city": "malappuram", "postal_code": "673636", "state": "kerala", "created_at": "2023-11-16T05:50:28.875Z"}}, {"model": "shoppingcart.address", "pk": "87fba6ff-c9df-4ac1-bd49-0ecd3b91053c", "fields": {"user": "236b591b-c25f-4795-97ee-4ba52c93b870", "name": "hadik jazar", "phone_number": "8547458611", "street_address": "palayam", "city": "08590029995", "postal_code": "673620", "state": "kerala", "created_at": "2023-11-16T05:20:54.844Z"}}, {"model": "shoppingcart.address", "pk": "c101699c-e7d0-4dee-a51e-0e4faf8d0715", "fields": {"user": "236b591b-c25f-4795-97ee-4ba52c93b870", "name": "muhammed fayiz", "phone_number": "8590029995", "street_address": "arikulam", "city": "koyilandy", "postal_code": "673620", "state": "kerala", "created_at": "2023-11-15T14:09:30.639Z"}}, {"model": "shoppingcart.address", "pk": "c8761932-d6ed-46f3-89c3-e976f371a34e", "fields": {"user": "433e94a5-4211-48d5-954e-5bf773a4ac77", "name": "muhammed fayiz", "phone_number": "08590029995", "street_address": "arikulam", "city": "kozhikode", "postal_code": "673620", "state": "kerala", "created_at": "2023-11-24T11:00:55.032Z"}}, {"model": "shoppingcart.address", "pk": "decc01e9-bde7-444c-92f3-146d48ac39c9", "fields": {"user": "433e94a5-4211-48d5-954e-5bf773a4ac77", "name": "ncnjwkn", "phone_number": "08590029995", "street_address": "arikulam", "city": "kozhik", "postal_code": "673620", "state": "kerala", "created_at": "2023-12-06T09:56:06.489Z"}}, {"model": "shoppingcart.address", "pk": "fa655874-269d-4da0-9403-6b9087c957af", "fields": {"user": "8c0d134d-bb59-4329-a9ec-7b0a8e324c61", "name": "muhammed fayiz", "phone_number": "08590029995", "street_address": "arikulam", "city": "kokl", "postal_code": "673620", "state": "kerala", "created_at": "2023-12-05T12:14:38.994Z"}}, {"model": "product.categorytranslation", "pk": 1, "fields": {"language_code": "en", "title": "Backpack", "master": "b5d36ea9-a073-42c3-988c-950b54f69b9d"}}, {"model": "product.categorytranslation", "pk": 2, "fields": {"language_code": "en", "title": "Duffles", "master": "5af7b36d-f810-44ff-af6b-639415263ae9"}}, {"model": "product.categorytranslation", "pk": 3, "fields": {"language_code": "en", "title": "Luggagebag", "master": "cec9cfb4-f452-43fb-a3fb-3d76fad19bd7"}}, {"model": "product.categorytranslation", "pk": 4, "fields": {"language_code": "en", "title": "Student Travel", "master": "d58c12ec-84c6-49bd-9210-4068f4f4e208"}}, {"model": "product.category", "pk": "5af7b36d-f810-44ff-af6b-639415263ae9", "fields": {"image": "category/DYF70.webp", "created_at": "2023-10-21T14:11:28.088Z", "updated_at": "2023-10-21T14:11:28.088Z"}}, {"model": "product.category", "pk": "b5d36ea9-a073-42c3-988c-950b54f69b9d", "fields": {"image": "category/BP60_ws54JHV.webp", "created_at": "2023-10-19T06:46:13.475Z", "updated_at": "2023-10-19T06:46:13.475Z"}}, {"model": "product.category", "pk": "cec9cfb4-f452-43fb-a3fb-3d76fad19bd7", "fields": {"image": "category/luggageone_.jpg", "created_at": "2023-10-21T14:45:21.203Z", "updated_at": "2023-10-21T14:45:21.203Z"}}, {"model": "product.category", "pk": "d58c12ec-84c6-49bd-9210-4068f4f4e208", "fields": {"image": "category/studentravel1.webp", "created_at": "2023-10-21T15:06:02.240Z", "updated_at": "2023-10-21T15:06:02.240Z"}}, {"model": "product.producttranslation", "pk": 1, "fields": {"language_code": "en", "title": "Ziabags Squad 01", "description": "For the busy-bee new age student toggling between the many worlds of school, tutions, dance, skating, tennis or Karate practise the SKYBAG range of stylish and functional backpacks caters to the entire spectrum of the students demanding schedule", "Specifications": "3 compartment\r\nPrinted ID tag\r\nFabric Pocket\r\nBuilt to Last Straps\r\nHidden Pocket\r\nFile Sleeve\r\nOrganizer with Key Holder", "product_status": "published", "master": "1571f5b2-9fcc-46f4-b983-df72b4c13ce8"}}, {"model": "product.producttranslation", "pk": 2, "fields": {"language_code": "en", "title": "Ziabags Squad Nxt 05", "description": "For the busy-bee new age student toggling between the many worlds of school, tutions, dance, skating, tennis or Karate practise the SKYBAG range of stylish and functional backpacks caters to the entire spectrum of the students demanding schedule", "Specifications": "3 compartment\r\nPrinted ID tag\r\nFabric Pocket\r\nBuilt to Last Straps\r\nHidden Pocket\r\nDrawstring Pouch\r\nFile Sleeve Suspension Straps", "product_status": "published", "master": "c89d41d0-9c46-4781-b097-985e7c06e74b"}}, {"model": "product.producttranslation", "pk": 8, "fields": {"language_code": "fa", "title": "this is pear", "description": "this is the product", "Specifications": "", "product_status": "in_review", "master": "c89d41d0-9c46-4781-b097-985e7c06e74b"}}, {"model": "product.producttranslation", "pk": 9, "fields": {"language_code": "en", "title": "Ziabags Squad 03", "description": "For the busy-bee new age student toggling between the many worlds of school, tutions, dance, skating, tennis or Karate practise the SKYBAG range of stylish and functional backpacks caters to the entire spectrum of the students demanding schedule", "Specifications": "3 compartment\r\nPrinted ID tag\r\nFabric Pocket\r\nBuilt to Last Straps\r\nHidden Pocket\r\nFile Sleeve\r\nOrganizer with Key Holder", "product_status": "published", "master": "36925279-cce0-4f03-92f4-8a0a721068e9"}}, {"model": "product.producttranslation", "pk": 10, "fields": {"language_code": "en", "title": "Ziabags Squad Plus 02", "description": "For the busy-bee new age student toggling between the many worlds of school, tutions, dance, skating, tennis or Karate practise the SKYBAG range of stylish and functional backpacks caters to the entire spectrum of the students demanding schedule", "Specifications": "3 compartment\r\nPrinted ID tag\r\nFabric Pocket\r\nBuilt to Last Straps\r\nHidden Pocket\r\nFile Sleeve\r\nOrganizer with Key Holder\r\nRaincover", "product_status": "published", "master": "6ccd07b3-86c8-41ee-9026-0766df383a9f"}}, {"model": "product.producttranslation", "pk": 11, "fields": {"language_code": "en", "title": "Ziabags Casper DFT", "description": "A perfectly crafted bag to compliment your style\r\n\r\nFEATURES\r\nBrand - Skybags\r\nStyle Name - Duffle\r\nTrolley - Yes\r\nGender - Unisex\r\nAgeGroup - Adults-Unisex\r\nMaterial - Polyester", "Specifications": "Double Wheels\r\nAdjustable Shoulder straps\r\nTwo Stage Push Button Trolley\r\nQuick Access Pocket\r\nSpacious main compartment\r\n3 way carry system", "product_status": "published", "master": "e9da41ad-355b-4dea-aa9a-cc90be4054fe"}}, {"model": "product.producttranslation", "pk": 12, "fields": {"language_code": "en", "title": "Ziabags Cardiff DFT", "description": "A perfectly crafted bag to compliment your style\r\n\r\nFEATURES\r\nBrand - Skybags\r\nStyle Name - Duffle\r\nTrolley - Yes\r\nGender - Unisex\r\nAgeGroup - Adults-Unisex\r\nMaterial - Polyester", "Specifications": "KEY FEATURES\r\nDouble Wheels\r\nAdjustable Shoulder straps\r\nTwo Stage Push Button Trolley\r\nQuick Access Pocket\r\nSpacious main compartment\r\n3 way carry system", "product_status": "published", "master": "0f660924-4860-4b60-9360-04ef19aad6eb"}}, {"model": "product.producttranslation", "pk": 13, "fields": {"language_code": "en", "title": "Ziabags Cardiff DFT", "description": "A perfectly crafted bag to compliment your style\r\n\r\nFEATURES\r\nBrand - Skybags\r\nStyle Name - Duffle\r\nTrolley - Yes\r\nGender - Unisex\r\nAgeGroup - Adults-Unisex\r\nMaterial - Polyester", "Specifications": "Double Wheels\r\nAdjustable Shoulder straps\r\nTwo Stage Push Button Trolley\r\nQuick Access Pocket\r\nSpacious main compartment\r\n3 way carry system", "product_status": "published", "master": "a8400d1e-46e6-4b10-afd4-456abf607915"}}, {"model": "product.producttranslation", "pk": 14, "fields": {"language_code": "en", "title": "Ziabags Casper DFT", "description": "A perfectly crafted bag to compliment your style\r\n\r\nFEATURES\r\nBrand - Skybags\r\nStyle Name - Duffle\r\nTrolley - Yes\r\nGender - Unisex\r\nAgeGroup - Adults-Unisex", "Specifications": "Double Wheels\r\nAdjustable Shoulder straps\r\nTwo Stage Push Button Trolley\r\nQuick Access Pocket\r\nSpacious main compartment\r\n3 way carry system", "product_status": "published", "master": "045d681e-ee47-4474-b379-7c0ed4d363cd"}}, {"model": "product.producttranslation", "pk": 15, "fields": {"language_code": "en", "title": "Ziabags Cityscape", "description": "<p>Stuck at that moment when you finish a game and just don&#39;t know what to do with your life anymore. Don&#39;t worry we got your back, now show-off your gaming spirit with &#39;INDIA&#39;S FIRST EVER GAMING COLLECTION - GAMERAZE&#39; by SKYBAGS! Up your style game with this unique, stylish, trendy and feature rich hard trolley bag from SKYBAGS.</p>", "Specifications": "<p>Anti Theft Zipper Smooth Dual Wheels Full Fabric Convipack with wet pouch Push Button Trolley USB Port Polypropylene Shell TSA Lock</p>", "product_status": "in_review", "master": "ea99c0f7-9f0b-470e-a421-cfeff75b795d"}}, {"model": "product.producttranslation", "pk": 16, "fields": {"language_code": "en", "title": "Ziabags Jerrycan", "description": "Like sober & attractive strokes on a canvas, this luggage masterpiece will inspire you to go places & Chase The World! This strong polycarbonate shell design with organised interior, smooth dual wheels, flushed TSA lock, Reverse zipper, wet pouch for toiletries, push button trolley & the ever so visually delightful design, will ensure your bag gets a 2nd look.", "Specifications": "Reverse Zipper\r\nSmooth Dual Wheels\r\nFull Fabric Convipack\r\nLight weight Push Button Trolley\r\nSpacious Interiors\r\nPolypropylene Shell\r\nFlushed TSA Lock", "product_status": "published", "master": "00feccee-a3b7-469d-871a-f738d2f1cab7"}}, {"model": "product.producttranslation", "pk": 17, "fields": {"language_code": "en", "title": "Ziabags Marvel", "description": "Are you a die-hard Marvel fan? Then, bring on the Marvel spirit alive with 'INDIA's FIRST EVER LIMITED EDITION MARVEL COLLECTION' ! Up your style with this unique, stylish, trendy collection from SKYBAGS.", "Specifications": "Premium Zipper\r\nSmooth 4 Wheels\r\nFull Fabric Convipack\r\nPush Button Trolley\r\nEmbossed PC Shell\r\nStrong Polycarbonate\r\nCombination Lock", "product_status": "published", "master": "78978d4d-d0a2-4dcc-a946-04f182667c73"}}, {"model": "product.producttranslation", "pk": 18, "fields": {"language_code": "en", "title": "Ziabags Openskies", "description": "Brand - Skybags\r\nStyle Name - Luggage\r\nTrolley - Yes\r\nExpandable - No\r\nGender - Unisex\r\nAgeGroup - Adults-Unisex\r\nMaterial - Polycarbonate\r\nClosure Type - Zipper\r\nRain Cover - No\r\nLaptop Sleeve - No", "Specifications": "Anti Theft Zipper\r\nSmooth Dual Wheels\r\nOrganised Interiors\r\nWet Pouch\r\nStrong Polypropylene\r\nPush Button Trolley", "product_status": "published", "master": "e9a99b97-86e8-446b-96bc-4b1f04904da3"}}, {"model": "product.producttranslation", "pk": 19, "fields": {"language_code": "en", "title": "Ziabags Airway Pro", "description": "Brand - Skybags\r\nStyle Name - Luggage\r\nTrolley - Yes\r\nExpandable - Yes\r\nGender - Unisex\r\nAgeGroup - Adults-Unisex\r\nMaterial - Polyester\r\nClosure Type - Zipper\r\nRain Cover - No", "Specifications": "Smooth Dual Wheels\r\nQuick Access front Pockets\r\nExtra Spacious\r\nWet Pouch for Toiletries\r\nPush Button Trolley", "product_status": "published", "master": "2f566195-e1c8-42d9-85fe-668b70b4ce9a"}}, {"model": "product.producttranslation", "pk": 20, "fields": {"language_code": "en", "title": "Ziabags Cityscape", "description": "Stuck at that moment when you finish a game and just don't know what to do with your life anymore. Don't worry we got your back, now show-off your gaming spirit with 'INDIA'S FIRST EVER GAMING COLLECTION - GAMERAZE' by SKYBAGS! Up your style game with this unique, stylish, trendy and feature rich hard trolley bag from SKYBAGS.", "Specifications": "Anti Theft Zipper\r\nSmooth Dual Wheels\r\nFull Fabric Convipack with wet pouch\r\nPush Button Trolley\r\nUSB Port\r\nPolypropylene Shell\r\nTSA Lock", "product_status": "published", "master": "decc8384-8895-4beb-bb14-c1592ff03c02"}}, {"model": "product.producttranslation", "pk": 21, "fields": {"language_code": "en", "title": "Ziabags Airway Pro", "description": "Brand - Skybags\r\nStyle Name - Luggage\r\nTrolley - Yes\r\nExpandable - Yes\r\nGender - Unisex\r\nAgeGroup - Adults-Un", "Specifications": "Smooth Dual Wheels\r\nQuick Access front Pockets\r\nExtra Spacious\r\nWet Pouch for Toiletries\r\nPush Button Trolley", "product_status": "published", "master": "484a921d-f4c9-4fcf-a5aa-e708c8829dab"}}, {"model": "product.producttranslation", "pk": 22, "fields": {"language_code": "en", "title": "Ziabags Orbit - Set Of 3", "description": "Move in Style with Skybags Orbit, an airline compliant hard luggage trolley with ample storage space to accommodate your belongings. This stylish yet sturdy trolley bag is available in a set of 3 and can be easily nested to save on storage space. It is equipped with dual wheels, TSA approved lock, anti theft zipper and a multi stage push button trolley to help you travel with ease.", "Specifications": "STYLISH AND STURDY: The Orbit trolley bag is designed to help you travel in style. This lightweight bag is made of durable and scratch resistant ABS material which makes it sturdy, waterproof and impact resistant. \r\nEASY TO MOVE: This trolley bag is equipped with smooth dual wheels and an adjustable trolley handle which make it easy to carry it on various surfaces.\r\nENHANCED SECURITY: The TSA approved lock and anti theft zipper ensure your belongings are safe while you embark on new adventures.", "product_status": "published", "master": "05a8c19d-db3a-438a-a7cd-ade60d215eff"}}, {"model": "product.product", "pk": "00feccee-a3b7-469d-871a-f738d2f1cab7", "fields": {"created_at": "2023-10-21T14:53:10.373Z", "updated_at": "2023-10-21T14:53:10.373Z", "price": 3000, "old_price": "3999.00", "sku": "sku8528", "cover_image": "product_covrer_images/lb20.webp", "imagesone": "product-images/lb21.webp", "imagestwo": "product-images/lb22.webp", "imagesthree": "product-images/lb23.webp", "imagesfour": "product-images/lb24.webp", "category": "cec9cfb4-f452-43fb-a3fb-3d76fad19bd7", "in_stock": 8}}, {"model": "product.product", "pk": "045d681e-ee47-4474-b379-7c0ed4d363cd", "fields": {"created_at": "2023-10-21T14:35:11.168Z", "updated_at": "2023-10-21T14:35:11.168Z", "price": 1999, "old_price": "3000.00", "sku": "sku1033", "cover_image": "product_covrer_images/DF2.webp", "imagesone": "product-images/DFT22.jpg", "imagestwo": "product-images/DF2222rdf.jpg", "imagesthree": "product-images/DF22222.webp", "imagesfour": "product-images/DF2.webp", "category": "5af7b36d-f810-44ff-af6b-639415263ae9", "in_stock": 7}}, {"model": "product.product", "pk": "05a8c19d-db3a-438a-a7cd-ade60d215eff", "fields": {"created_at": "2023-10-21T15:56:04.623Z", "updated_at": "2023-10-21T15:56:04.623Z", "price": 2500, "old_price": "3000.00", "sku": "sku2124", "cover_image": "product_covrer_images/STU70.webp", "imagesone": "product-images/STU70.webp", "imagestwo": "product-images/STU71_r4hbDpE.webp", "imagesthree": "product-images/STU72_tGtlcvs.webp", "imagesfour": "product-images/STU73_GPIKE7W.webp", "category": "d58c12ec-84c6-49bd-9210-4068f4f4e208", "in_stock": 8}}, {"model": "product.product", "pk": "0f660924-4860-4b60-9360-04ef19aad6eb", "fields": {"created_at": "2023-10-21T14:17:54.428Z", "updated_at": "2023-10-21T14:20:11.231Z", "price": 3000, "old_price": "3250.00", "sku": "sku5219", "cover_image": "product_covrer_images/DYF90.webp", "imagesone": "product-images/DYF90_nkzMXz5.webp", "imagestwo": "product-images/DYF91_TO9F6pN.webp", "imagesthree": "product-images/DYF93_VSe9txw.webp", "imagesfour": "product-images/DYF94_8DSSkkn.webp", "category": "5af7b36d-f810-44ff-af6b-639415263ae9", "in_stock": 4}}, {"model": "product.product", "pk": "1571f5b2-9fcc-46f4-b983-df72b4c13ce8", "fields": {"created_at": "2023-10-19T06:46:29.409Z", "updated_at": "2023-10-21T07:09:56.382Z", "price": 2500, "old_price": "3999.00", "sku": "sku3475", "cover_image": "product_covrer_images/BP60.webp", "imagesone": "product-images/BP61_rfXJ8PS.jpg", "imagestwo": "product-images/BP62_FDRUVBc.webp", "imagesthree": "product-images/BP63_bxVMdRJ.jpg", "imagesfour": "product-images/BP64_DcPV1vr.webp", "category": "b5d36ea9-a073-42c3-988c-950b54f69b9d", "in_stock": 100}}, {"model": "product.product", "pk": "2f566195-e1c8-42d9-85fe-668b70b4ce9a", "fields": {"created_at": "2023-10-21T15:09:54.163Z", "updated_at": "2023-10-21T15:09:54.163Z", "price": 2500, "old_price": "3999.00", "sku": "sku1094", "cover_image": "product_covrer_images/studentravel1.webp", "imagesone": "product-images/studentravel1.webp", "imagestwo": "product-images/studenttrvel2.webp", "imagesthree": "product-images/studentravel3.webp", "imagesfour": "product-images/studentrvel5.webp", "category": "d58c12ec-84c6-49bd-9210-4068f4f4e208", "in_stock": 7}}, {"model": "product.product", "pk": "36925279-cce0-4f03-92f4-8a0a721068e9", "fields": {"created_at": "2023-10-21T13:58:58.213Z", "updated_at": "2023-10-21T14:05:50.009Z", "price": 2000, "old_price": "2999.00", "sku": "sku2173", "cover_image": "product_covrer_images/BP30.webp", "imagesone": "product-images/BP31_7RXdoCt.jpg", "imagestwo": "product-images/BP32_iFREWks.webp", "imagesthree": "product-images/BP33_F8HyO8R.webp", "imagesfour": "product-images/BP34.jpg", "category": "b5d36ea9-a073-42c3-988c-950b54f69b9d", "in_stock": 5}}, {"model": "product.product", "pk": "484a921d-f4c9-4fcf-a5aa-e708c8829dab", "fields": {"created_at": "2023-10-21T15:51:52.655Z", "updated_at": "2023-10-21T15:51:52.655Z", "price": 4000, "old_price": "4999.00", "sku": "sku3768", "cover_image": "product_covrer_images/fa0.webp", "imagesone": "product-images/fa1.webp", "imagestwo": "product-images/fa2.webp", "imagesthree": "product-images/fa3.webp", "imagesfour": "product-images/fa4.webp", "category": "d58c12ec-84c6-49bd-9210-4068f4f4e208", "in_stock": 8}}, {"model": "product.product", "pk": "6ccd07b3-86c8-41ee-9026-0766df383a9f", "fields": {"created_at": "2023-10-21T14:08:14.436Z", "updated_at": "2023-10-21T14:09:29.924Z", "price": 1500, "old_price": "2000.00", "sku": "sku1305", "cover_image": "product_covrer_images/bp20.webp", "imagesone": "product-images/bp20.webp", "imagestwo": "product-images/bp21_o89QSas.webp", "imagesthree": "product-images/bp22_Gne6FNX.webp", "imagesfour": "product-images/bp23_o3lRC7z.webp", "category": "b5d36ea9-a073-42c3-988c-950b54f69b9d", "in_stock": 2}}, {"model": "product.product", "pk": "78978d4d-d0a2-4dcc-a946-04f182667c73", "fields": {"created_at": "2023-10-21T14:57:02.354Z", "updated_at": "2023-10-21T14:57:02.354Z", "price": 6000, "old_price": "6999.00", "sku": "sku3847", "cover_image": "product_covrer_images/lu30.webp", "imagesone": "product-images/lu30.webp", "imagestwo": "product-images/lu34.webp", "imagesthree": "product-images/lu35.webp", "imagesfour": "product-images/lu31.webp", "category": "cec9cfb4-f452-43fb-a3fb-3d76fad19bd7", "in_stock": 0}}, {"model": "product.product", "pk": "a8400d1e-46e6-4b10-afd4-456abf607915", "fields": {"created_at": "2023-10-21T14:29:40.105Z", "updated_at": "2023-10-21T14:29:40.105Z", "price": 1500, "old_price": "1700.00", "sku": "sku3384", "cover_image": "product_covrer_images/DF1.jpg", "imagesone": "product-images/DF11.jpg", "imagestwo": "product-images/DF111.jpg", "imagesthree": "product-images/DF1111.jpg", "imagesfour": "product-images/DF11111.webp", "category": "5af7b36d-f810-44ff-af6b-639415263ae9", "in_stock": 5}}, {"model": "product.product", "pk": "c89d41d0-9c46-4781-b097-985e7c06e74b", "fields": {"created_at": "2023-10-20T10:53:22.134Z", "updated_at": "2023-10-21T14:03:44.820Z", "price": 2500, "old_price": "3000.00", "sku": "sku3700", "cover_image": "product_covrer_images/BP50.webp", "imagesone": "product-images/BP50_hfUJLs3.webp", "imagestwo": "product-images/BP52_KdanthU.webp", "imagesthree": "product-images/BP53_Znc30e2.webp", "imagesfour": "product-images/BP51_1SJiTs5.webp", "category": "b5d36ea9-a073-42c3-988c-950b54f69b9d", "in_stock": 5}}, {"model": "product.product", "pk": "decc8384-8895-4beb-bb14-c1592ff03c02", "fields": {"created_at": "2023-10-21T15:44:56.819Z", "updated_at": "2023-10-21T15:44:56.819Z", "price": 2500, "old_price": "3000.00", "sku": "sku2673", "cover_image": "product_covrer_images/st.webp", "imagesone": "product-images/stt.webp", "imagestwo": "product-images/sttt.webp", "imagesthree": "product-images/stttt.webp", "imagesfour": "product-images/sttttt.webp", "category": "d58c12ec-84c6-49bd-9210-4068f4f4e208", "in_stock": 4}}, {"model": "product.product", "pk": "e9a99b97-86e8-446b-96bc-4b1f04904da3", "fields": {"created_at": "2023-10-21T15:04:06.109Z", "updated_at": "2023-10-21T15:04:06.109Z", "price": 4000, "old_price": "5999.00", "sku": "sku3474", "cover_image": "product_covrer_images/lb40.webp", "imagesone": "product-images/lb41.webp", "imagestwo": "product-images/lb42.webp", "imagesthree": "product-images/lb44.webp", "imagesfour": "product-images/lb45.webp", "category": "cec9cfb4-f452-43fb-a3fb-3d76fad19bd7", "in_stock": 8}}, {"model": "product.product", "pk": "e9da41ad-355b-4dea-aa9a-cc90be4054fe", "fields": {"created_at": "2023-10-21T14:13:08.912Z", "updated_at": "2023-10-21T14:46:15.430Z", "price": 1750, "old_price": "2999.00", "sku": "sku2031", "cover_image": "product_covrer_images/DYF70.webp", "imagesone": "product-images/DYF71_TPp9umK.jpg", "imagestwo": "product-images/DYF73_DOoftKg.jpg", "imagesthree": "product-images/DYF79_uuVOWpy.webp", "imagesfour": "product-images/DYF78_dnVqZJb.jpg", "category": "5af7b36d-f810-44ff-af6b-639415263ae9", "in_stock": 5}}, {"model": "product.product", "pk": "ea99c0f7-9f0b-470e-a421-cfeff75b795d", "fields": {"created_at": "2023-10-21T14:49:46.461Z", "updated_at": "2023-10-26T07:14:52.165Z", "price": 5000, "old_price": "6999.00", "sku": "sku1619", "cover_image": "product_covrer_images/lb10.webp", "imagesone": "product-images/lb10.webp", "imagestwo": "product-images/lb12.webp", "imagesthree": "product-images/lb14.webp", "imagesfour": "product-images/lb11.webp", "category": "cec9cfb4-f452-43fb-a3fb-3d76fad19bd7", "in_stock": 5}}, {"model": "product.reviewtranslation", "pk": 1, "fields": {"language_code": "en", "description": "", "master": "1282ab47-f72b-45d9-a0e4-1068ce3c2c97"}}, {"model": "product.reviewtranslation", "pk": 2, "fields": {"language_code": "en", "description": "good product", "master": "a43db695-c139-43b9-bc94-fb26232efb05"}}, {"model": "product.reviewtranslation", "pk": 3, "fields": {"language_code": "en", "description": "jyjyfjffjhf", "master": "a15a8f51-24ba-48d7-b1d0-688007b10267"}}, {"model": "product.review", "pk": "1282ab47-f72b-45d9-a0e4-1068ce3c2c97", "fields": {"created_at": "2023-10-23T06:15:41.462Z", "updated_at": "2023-10-23T06:15:41.462Z", "user": "236b591b-c25f-4795-97ee-4ba52c93b870", "product": "05a8c19d-db3a-438a-a7cd-ade60d215eff", "rating": 5.0}}, {"model": "product.review", "pk": "a15a8f51-24ba-48d7-b1d0-688007b10267", "fields": {"created_at": "2023-12-07T05:49:28.628Z", "updated_at": "2023-12-07T05:49:28.636Z", "user": "8c0d134d-bb59-4329-a9ec-7b0a8e324c61", "product": "0f660924-4860-4b60-9360-04ef19aad6eb", "rating": 4.0}}, {"model": "product.review", "pk": "a43db695-c139-43b9-bc94-fb26232efb05", "fields": {"created_at": "2023-11-21T05:04:10.433Z", "updated_at": "2023-11-21T05:04:10.439Z", "user": "236b591b-c25f-4795-97ee-4ba52c93b870", "product": "36925279-cce0-4f03-92f4-8a0a721068e9", "rating": 4.0}}, {"model": "product.wishlist", "pk": "a170fa45-0601-4518-a232-f74dd5511f0e", "fields": {"user": "433e94a5-4211-48d5-954e-5bf773a4ac77"}}, {"model": "product.wishlist", "pk": "bd8e2610-95ab-4562-a501-a3a361fe29ff", "fields": {"user": "8c0d134d-bb59-4329-a9ec-7b0a8e324c61"}}, {"model": "product.wishlist", "pk": "cbd6a9a2-b49b-4c39-9111-4458605e8880", "fields": {"user": "236b591b-c25f-4795-97ee-4ba52c93b870"}}, {"model": "product.wishlistitem", "pk": "1649e508-79f5-4d8e-8fb1-75bf9605ef31", "fields": {"wished_item": "cbd6a9a2-b49b-4c39-9111-4458605e8880", "product": "36925279-cce0-4f03-92f4-8a0a721068e9"}}, {"model": "product.wishlistitem", "pk": "1e37f3de-e643-474a-99f3-78415314b789", "fields": {"wished_item": "a170fa45-0601-4518-a232-f74dd5511f0e", "product": "484a921d-f4c9-4fcf-a5aa-e708c8829dab"}}, {"model": "product.wishlistitem", "pk": "68a7c6d5-4783-4450-8d07-b0c05f1ff810", "fields": {"wished_item": "cbd6a9a2-b49b-4c39-9111-4458605e8880", "product": "484a921d-f4c9-4fcf-a5aa-e708c8829dab"}}, {"model": "product.wishlistitem", "pk": "b435f1b7-1867-4a18-b2f7-cc3570ebbd8c", "fields": {"wished_item": "cbd6a9a2-b49b-4c39-9111-4458605e8880", "product": "1571f5b2-9fcc-46f4-b983-df72b4c13ce8"}}]